TransactionID,CustomerID,Amount,MerchantID,TransactionType,Location,TransactionDate,CardType,DeviceType,IP_Address,AuthenticationMethod,PreviousFraudulentTransaction,Fraud
a00d7cac-9b6e-409d-8cdb-812a49b71679,c19a2469,2686.37,ac2bb7,ATM,Los Angeles,2025-02-25 07:18:14,Credit,Mobile,22.55.89.243,PIN,0,0
bf17fe98-c9b1-4fc3-bbb0-a549726ecb94,2b079545,3112.02,662f83,POS,Tokyo,2025-01-03 11:36:34,Credit,Mobile,58.16.27.183,OTP,0,1
fe1a51ef-cc32-43f5-9277-67407e0f8ab8,af7a46cd,4398.03,30fcae,Transfer,Los Angeles,2025-02-12 10:48:08,Debit,Mobile,106.140.42.53,OTP,0,0
25d73223-a634-4b4f-8b08-e1eec2409339,6760738f,4997.76,7ed42e,POS,Berlin,2025-02-05 02:29:04,Prepaid,Desktop,83.139.56.34,Biometric,1,1
fab71a61-ca49-43e2-a5ef-be47689b7dc7,c6bc6bd3,88.46,c41843,ATM,Tokyo,2025-01-11 23:04:56,Prepaid,POS Terminal,199.25.128.201,PIN,0,0
8872b9fd-8d27-4bf5-9780-87651abee139,73db1301,1253.19,bd0c59,Online,Tokyo,2025-01-07 08:39:56,Credit,Mobile,86.140.179.38,PIN,0,0
3074f770-e51f-4053-9470-707d7444b6b0,68876b2a,1068.19,8522d0,ATM,Berlin,2025-01-18 08:39:06,Credit,Mobile,164.13.127.103,Biometric,0,0
10a82d36-f214-4372-ae6b-4b7208ff5e59,b4323d5f,3358.21,5ad96a,Transfer,London,2025-01-26 05:28:57,Credit,POS Terminal,107.141.217.45,OTP,1,1
4e148afd-f4c0-4f21-94f3-bd85941fff89,9bc82e84,1324.04,619e36,ATM,Tokyo,2025-01-19 09:03:27,Credit,POS Terminal,198.226.72.140,OTP,1,0
222543cb-9147-4470-bfd2-42d343ca56cb,bf136bb8,2617.06,be47ae,Transfer,New York,2025-02-16 04:30:31,Credit,Mobile,153.183.165.104,PIN,0,1
10a82d36-f214-4372-ae6b-4b7208ff5e59,b4323d5f,3358.21,5ad96a,Transfer,London,2025-01-26 05:28:57,Credit,POS Terminal,107.141.217.45,OTP,1,1
9eabb6c0-4eef-494c-aa58-ab010edf1d25,52769887,1519.08,cfa5dc,Online,Los Angeles,2025-02-15 18:47:34,Prepaid,Desktop,187.22.249.173,Biometric,0,0
bdc94773-e689-4985-9886-ae2cffa1dece,62d1c6ae,1922.95,10a182,Online,London,2025-02-13 23:05:43,Prepaid,POS Terminal,45.166.91.53,PIN,0,0
ada77e00-2bea-430b-8367-e58173529da8,b33ae4aa,4679.04,26732f,Transfer,New York,2025-01-24 19:27:47,Prepaid,Desktop,142.162.77.119,Biometric,1,0
8bb22dea-e14e-4c55-99d6-44df3f3a4d64,86ca5b74,3087.41,4b6b00,Transfer,Tokyo,2025-02-07 12:16:41,Prepaid,Mobile,108.213.193.227,OTP,0,1
e5820161-0dfe-4a14-b8c0-eaa435e6dcda,c5ad1d77,4078.06,5a61f8,Online,Berlin,2025-01-06 14:44:47,Prepaid,Desktop,87.110.170.170,Biometric,0,1
68e9aabf-9dc6-47a9-9ce9-b148187dd627,a75b7e69,1809.68,e1e7cb,ATM,London,2025-02-23 12:26:05,Credit,Desktop,158.130.31.171,Biometric,1,0
670f18d0-3686-454e-a09c-f4369421e1c6,6417f21c,2654.29,ed2bb3,Transfer,Berlin,2025-01-04 03:59:15,Debit,POS Terminal,140.9.157.132,Biometric,0,0
e037ecb8-b2ce-423b-97d3-c770c6a4c0d3,897482c8,1407.11,2c5300,Transfer,London,2025-01-13 21:19:44,Prepaid,Mobile,26.92.108.93,Biometric,0,1
676c1120-a660-4952-8f0d-48bba8d438d4,31556db8,1786.21,6007d8,Transfer,Los Angeles,2025-01-16 04:22:13,Credit,Mobile,219.246.221.231,PIN,0,0
920377f5-0fef-416b-9b5f-cbfe7e208c9e,fb3f19b6,2381.96,10271a,ATM,London,2025-02-07 18:27:35,Debit,POS Terminal,82.12.196.19,OTP,0,0
357dc0db-8b4e-4614-81ed-aa15b5f1aac0,30c1682e,1960.66,cda05e,POS,London,2025-02-13 03:45:50,Credit,Mobile,59.75.60.48,Biometric,0,0
c2742e3a-9d05-4fae-9c2c-a55314412b82,393adeca,2824.74,5960b4,POS,New York,2025-02-27 07:41:03,Debit,POS Terminal,25.128.1.216,OTP,0,0
408a7897-fa3b-49c4-a6cb-f0e36a100c12,2df542df,2013.26,0fa811,Transfer,Tokyo,2025-02-14 09:51:47,Prepaid,POS Terminal,59.18.239.220,PIN,0,1
2669c207-549d-4fba-b3d2-78c58f9d77c6,aa076ab8,2667.21,9605f3,Transfer,New York,2025-01-25 17:38:46,Credit,Mobile,172.2.109.249,Biometric,0,0
c0a98ec5-14f1-4750-a4b0-c2e4b446f349,8bc8727c,2985.32,161824,POS,New York,2025-01-06 09:35:56,Debit,Mobile,179.169.64.248,Biometric,1,0
4501b804-61d0-49c7-8849-530a0b830f9b,78700d30,2514.54,c37a91,Online,Los Angeles,2025-02-20 05:48:58,Prepaid,POS Terminal,167.172.246.247,Biometric,0,0
5aa9b7af-4035-4e4c-8b33-e148e5ce9506,8891b3b8,3762.68,7e2cfa,POS,Tokyo,2025-01-30 07:11:51,Prepaid,POS Terminal,191.20.31.77,PIN,0,1
b9c76d9a-ddad-462d-a8ab-69f9567b5fc4,211f748a,4597.25,914019,Online,Tokyo,2025-02-12 02:49:11,Debit,Desktop,205.121.211.187,Biometric,0,0
0959e279-2fed-4b1a-ae79-2585a342399f,695c6f60,575.88,66a45f,Online,Berlin,2025-02-11 04:02:12,Debit,Desktop,182.251.169.200,Biometric,0,0
786ca93c-3eb4-417d-b97f-05b0cc3f7030,a4e78da2,1125.19,2ebcc3,Online,Sydney,2025-01-28 16:08:30,Prepaid,Desktop,24.213.74.224,Biometric,0,0
2a6b2208-2fa1-4539-9567-dbd4112815e7,0faad932,4749.01,a96b93,ATM,Sydney,2025-01-03 21:36:26,Credit,Mobile,79.191.169.197,Biometric,0,1
7ea5c606-166e-4ab8-ba36-8865f389f62d,9f5a465e,4587.14,76b7c8,Transfer,Los Angeles,2025-01-11 02:48:24,Credit,Desktop,49.94.201.213,Biometric,0,0
f1f47a3c-3009-4c8a-9db2-c1b616c3c837,eb75c0e7,691.35,0167e6,POS,Tokyo,2025-01-13 18:40:26,Debit,Mobile,117.67.31.98,PIN,0,0
6d9f59c9-50aa-4f22-b77b-e7e62c223121,bdf46ed8,351.31,52c3dc,Transfer,New York,2025-02-24 12:40:38,Credit,POS Terminal,198.17.103.183,OTP,0,0
f8873ad6-fb9b-48e6-9cf2-373fdfb17b22,b88d1bb9,1195.19,767ba1,Online,London,2025-02-22 00:30:51,Credit,POS Terminal,27.209.84.128,PIN,0,0
a5b10b7a-4e06-4622-8b0b-e434cf525f2d,d7ca2625,1396.02,ef32e8,POS,Berlin,2025-01-16 03:28:09,Prepaid,Desktop,146.12.25.220,Biometric,0,0
ecc43c47-49e5-491b-bc3a-61d88600c51f,2c2fbdcd,2054.61,7b9180,Transfer,Tokyo,2025-02-06 19:13:18,Debit,POS Terminal,167.208.0.132,PIN,0,0
cdaea388-85e3-4825-a65e-2995e2e37e06,999d81d2,3426.78,1dce1b,Transfer,Sydney,2025-02-02 05:24:59,Credit,POS Terminal,66.105.158.61,Biometric,0,1
6c41035c-df94-4881-8603-b5084e537848,c0871cb0,4740.73,08eab9,Online,Los Angeles,2025-01-10 20:32:03,Prepaid,Mobile,34.149.173.100,Biometric,0,1
424b7dce-7f36-4024-b9ce-b63f60a285ff,e2c5a630,2126.71,2d3771,Transfer,New York,2025-01-09 16:28:55,Debit,POS Terminal,10.229.124.197,Biometric,0,0
8e6cb7a2-762a-4a91-a341-11f2fd230712,012d5087,2284.51,d2992f,ATM,New York,2025-01-18 10:46:51,Credit,POS Terminal,164.195.239.137,PIN,1,0
a16f30bf-972f-445a-a283-9d703ecbd43e,e33be08a,2324.16,0be6a7,Transfer,Tokyo,2025-01-29 07:48:17,Credit,POS Terminal,72.138.127.84,OTP,0,0
4f25fcbc-3e12-4940-8121-6982e83331e1,d12461ce,527.32,39b812,ATM,New York,2025-01-31 18:30:57,Prepaid,POS Terminal,106.70.44.76,Biometric,0,0
73cd7e9a-0cf5-4105-80ae-52e18902ad08,5cce216c,3264.81,fe5a5c,Transfer,Sydney,2025-02-02 23:34:04,Prepaid,POS Terminal,201.185.117.100,Biometric,1,1
e06dbb5e-572c-4261-b5bb-59a990f0cfe5,db81085c,546.13,0ec736,Transfer,Tokyo,2025-02-23 21:48:08,Credit,Desktop,102.96.182.174,PIN,0,0
10659aa6-3358-4f29-9d46-720c70c162a6,ce22b803,2900.95,bc2d1b,Online,Los Angeles,2025-02-08 10:39:54,Credit,POS Terminal,219.51.173.20,PIN,0,0
bf17fe98-c9b1-4fc3-bbb0-a549726ecb94,2b079545,3112.02,662f83,POS,Tokyo,2025-01-03 11:36:34,Credit,Mobile,58.16.27.183,OTP,0,1
c2d586c1-5385-4524-bf57-0db85ab3cb65,ef499c3a,414.25,2b2a50,Transfer,Tokyo,2025-01-25 01:58:20,Credit,Desktop,38.247.192.90,PIN,0,1
efb863fe-b20c-4c65-b27a-00e9b5ff6b1b,39f1cf98,2821.19,12a2c9,Online,Los Angeles,2025-02-12 06:05:44,Prepaid,POS Terminal,129.249.58.141,PIN,0,0
e468dbbf-344a-47da-9ef6-b26ca2b376c9,c9b41db3,2415.95,d48f80,ATM,New York,2025-02-02 14:29:32,Debit,POS Terminal,144.132.232.90,Biometric,0,0
37ac02ee-328e-48c1-8ba4-7fa783280db8,59b61353,4623.91,0ce09d,Transfer,Berlin,2025-01-19 01:52:55,Prepaid,Mobile,92.42.151.247,OTP,0,0
27f19385-260b-4266-b165-03fb977a164b,1a5377ed,3841.35,8fceaf,Online,Tokyo,2025-02-17 02:24:26,Credit,POS Terminal,212.197.206.141,Biometric,0,0
8214baa4-fc2b-4e47-a28b-340f6017b565,a3c27a41,4191.79,93c571,Transfer,Tokyo,2025-02-16 08:14:00,Prepaid,POS Terminal,125.146.253.155,PIN,0,0
28c0a7b4-68d1-44d3-817c-c0f08f1cbf5c,00093b36,4062.7,08fbc8,Transfer,New York,2025-01-28 16:38:55,Prepaid,Desktop,181.95.230.1,OTP,0,0
a8c4a018-8c9f-493c-9d26-3e334cf9a723,fb039915,2621.47,de9550,POS,London,2025-02-28 17:46:18,Credit,Desktop,167.223.225.208,OTP,0,0
f2f059ec-2a78-4cfe-a6dc-04579d622f07,39113d20,1338.88,f9a05b,POS,Sydney,2025-01-04 03:03:07,Credit,Mobile,181.241.128.166,PIN,0,1
408a7897-fa3b-49c4-a6cb-f0e36a100c12,2df542df,2013.26,0fa811,Transfer,Tokyo,2025-02-14 09:51:47,Prepaid,POS Terminal,59.18.239.220,PIN,0,1
c81513ad-ee63-476d-ab6c-0321fdb088cb,b25a45b9,1423.54,188aeb,Online,Los Angeles,2025-02-06 20:40:57,Credit,Desktop,142.72.218.77,PIN,0,1
462938c3-74c8-46ec-a974-44e00886ee62,fcb29e3c,2309.98,da02fb,POS,London,2025-02-27 07:08:01,Debit,Desktop,72.15.177.87,OTP,1,1
58ef7993-2e86-4362-931e-13d3f49364cc,b44a4c22,1234.76,42c0e8,ATM,Sydney,2025-01-19 10:07:27,Prepaid,Desktop,111.36.29.7,PIN,1,0
1cfceba4-5de4-424a-af41-ced95f1e3a37,d47d1ede,2997.88,4d085c,Online,London,2025-02-17 05:28:44,Credit,Mobile,141.31.28.37,PIN,1,0
31783fac-fbc7-4b0a-91fa-772bb96f48e6,5895a149,3753.96,8ec3cb,Online,London,2025-01-16 02:05:18,Debit,POS Terminal,164.151.108.155,Biometric,0,0
2170cb7f-23ce-4f1b-b911-3ba2f5a501f5,cdff3574,4596.82,729eae,Online,Sydney,2025-02-02 23:35:18,Prepaid,Desktop,200.212.148.251,PIN,0,0
48cab43a-966f-4774-8cfe-63dccc1c6985,ac58af5a,856.75,7d62e2,Transfer,Sydney,2025-02-07 01:00:34,Credit,POS Terminal,158.228.41.164,Biometric,0,0
c1a97b61-5b72-440a-8fd4-fe6528374932,9bf6a2ec,3031.44,6df299,ATM,London,2025-02-06 09:15:36,Debit,Desktop,165.17.232.18,OTP,0,0
1cc23fc3-09d8-4939-8e68-0c99893b0d89,c2baffaf,1276.1,ce9af8,ATM,Sydney,2025-01-08 01:31:55,Debit,Desktop,118.86.204.56,OTP,1,0
e037ecb8-b2ce-423b-97d3-c770c6a4c0d3,897482c8,1407.11,2c5300,Transfer,London,2025-01-13 21:19:44,Prepaid,Mobile,26.92.108.93,Biometric,0,1
462938c3-74c8-46ec-a974-44e00886ee62,fcb29e3c,2309.98,da02fb,POS,London,2025-02-27 07:08:01,Debit,Desktop,72.15.177.87,OTP,1,1
9b18b7a8-316b-4969-b3dc-d6a0a0309a5c,150de12b,1420.43,f40b69,ATM,Sydney,2025-01-19 07:12:27,Prepaid,Desktop,218.58.236.117,OTP,0,0
9e35bf37-352d-444a-9741-b3be4d82a51d,06cf59ad,1830.03,171d7e,POS,Tokyo,2025-02-04 08:53:40,Prepaid,Mobile,185.244.98.166,OTP,0,0
5bf4f7cf-beb1-4715-9349-cb1a6e6a2be8,15566882,4675.17,7f9840,Online,New York,2025-02-15 14:34:05,Prepaid,Desktop,206.21.222.219,PIN,0,1
13f0dcdb-3550-4d88-bfc6-ccc777f1e50d,4c60fa90,2993.5,71c212,Transfer,Los Angeles,2025-01-02 10:15:17,Debit,POS Terminal,181.188.56.126,Biometric,0,0
9b98136c-4945-403f-b09c-a1e053ee4e6a,1cb2a7a8,898.34,c515f2,POS,Tokyo,2025-01-07 13:40:31,Prepaid,Desktop,31.211.150.255,PIN,0,0
854e0509-8cf5-480a-9006-525511d8eb57,e783dc65,1907.0,e02d8d,Online,New York,2025-02-18 22:27:24,Debit,Mobile,130.60.90.254,PIN,0,0
800342a7-6809-44fa-8d20-b6bead52b56b,efd389c4,4641.3,c16b9d,ATM,Sydney,2025-02-08 11:30:00,Debit,POS Terminal,197.145.87.1,OTP,0,0
2a4ac0fa-c886-471e-9609-7d37cdd4ecaf,6108d205,3364.42,9a851e,POS,Sydney,2025-02-19 01:15:12,Credit,Desktop,183.152.17.147,OTP,0,0
aa2078d6-52f8-4786-ad3d-6860e6e8ddbe,cab377fb,3850.14,683b1e,Online,Tokyo,2025-01-02 02:59:28,Credit,Desktop,9.86.71.203,Biometric,0,0
b6bce8f9-0acc-499d-9811-5e7ab0cbf03a,3b47c734,549.12,aa4b88,POS,Tokyo,2025-02-17 08:17:32,Credit,Desktop,116.195.91.219,Biometric,0,0
23de7f56-f8d1-4253-aa5b-4400136c15d7,227a3da0,530.01,38147b,POS,Berlin,2025-01-19 20:54:43,Credit,POS Terminal,43.203.34.47,OTP,1,0
190ef46d-4330-4564-b43c-2b205271e9fa,360947ec,1329.96,f6f91f,ATM,London,2025-02-11 00:26:28,Credit,POS Terminal,54.122.158.19,OTP,0,1
63a3fadf-c45b-4c24-9c7a-a9eaeede08a3,cafca31f,341.04,435cc7,Online,Sydney,2025-01-26 22:21:46,Prepaid,Mobile,135.213.35.243,OTP,0,0
36c06992-2327-424e-ae32-1307b445b3c4,3e6d3582,4527.88,f4b3b6,ATM,Berlin,2025-01-26 23:12:32,Prepaid,Mobile,10.89.112.99,OTP,0,0
24437e61-711c-4d98-9f7d-1ba89e881e3b,d1ab5933,4757.49,f006ca,ATM,Los Angeles,2025-02-25 21:48:57,Prepaid,POS Terminal,65.56.150.0,Biometric,0,1
cd378712-e9d4-4d1b-a0ba-eceaf56508c6,1678e45c,2632.5,00876f,Online,New York,2025-01-18 22:02:55,Credit,POS Terminal,113.192.91.252,OTP,0,0
5f5a0b57-52a9-4e38-b34a-9594dcb9c916,0c35eaec,1253.64,f0bc75,ATM,Los Angeles,2025-02-23 13:42:09,Credit,Mobile,91.207.46.112,OTP,1,0
fe314655-b122-4241-a9bf-3a07cd95efc2,ccbd1808,3001.74,38eb7b,Online,Los Angeles,2025-01-05 16:42:48,Prepaid,Desktop,2.222.49.180,PIN,0,0
18aab39f-f1df-46d0-841d-be22b87e9ccc,bbf2811a,4727.1,7cebec,Transfer,Tokyo,2025-02-08 05:03:19,Debit,Desktop,220.76.65.81,Biometric,0,0
190ef46d-4330-4564-b43c-2b205271e9fa,360947ec,1329.96,f6f91f,ATM,London,2025-02-11 00:26:28,Credit,POS Terminal,54.122.158.19,OTP,0,1
24e31d38-ea23-4acc-a1e0-57a4f4f29a2e,5b161868,2886.63,882094,POS,London,2025-01-05 11:56:27,Debit,Desktop,22.128.235.176,OTP,0,0
698dc889-ace7-4811-a295-dea6003f657a,b5410764,158.66,27f491,POS,Los Angeles,2025-02-09 15:36:32,Credit,Desktop,162.74.253.91,OTP,0,0
3854577f-b2d6-4a80-926b-5a54c12e4bee,91892767,3124.12,98de84,ATM,Tokyo,2025-01-26 00:13:18,Credit,POS Terminal,86.161.240.164,OTP,0,1
f57c785d-93cf-47b9-9417-b68b1b58b89d,0975b3a4,2093.82,7b98e2,Transfer,New York,2025-01-01 19:14:28,Debit,Desktop,179.143.203.239,PIN,0,0
4f97a149-7577-4e34-933b-a9aeebf28e9a,b15d0bf3,3124.27,0acae2,ATM,Berlin,2025-02-06 04:34:34,Debit,Mobile,201.127.144.34,Biometric,0,0
6c41035c-df94-4881-8603-b5084e537848,c0871cb0,4740.73,08eab9,Online,Los Angeles,2025-01-10 20:32:03,Prepaid,Mobile,34.149.173.100,Biometric,0,1
e5820161-0dfe-4a14-b8c0-eaa435e6dcda,c5ad1d77,4078.06,5a61f8,Online,Berlin,2025-01-06 14:44:47,Prepaid,Desktop,87.110.170.170,Biometric,0,1
c70e7e6a-edcb-46ad-89da-74915b2c18d0,af340728,3951.65,35209c,ATM,Sydney,2025-01-05 18:33:34,Debit,Mobile,71.47.162.205,PIN,0,0
ed9c430f-99bb-40d6-9be6-ff84c32b3dc9,e6b1e5f5,924.21,d00553,Online,Berlin,2025-02-09 15:40:34,Debit,Desktop,216.144.130.156,OTP,0,0
8bb22dea-e14e-4c55-99d6-44df3f3a4d64,86ca5b74,3087.41,4b6b00,Transfer,Tokyo,2025-02-07 12:16:41,Prepaid,Mobile,108.213.193.227,OTP,0,1
73d472cd-3c24-4092-aa00-182cda0b0dfc,962cad00,2787.75,7bca6e,POS,Berlin,2025-01-29 01:20:33,Credit,Desktop,4.35.57.132,PIN,0,1
89688d7f-c33f-4929-ad2f-6c98b5868e60,6c169e1d,1526.37,24e372,POS,London,2025-02-17 02:45:08,Prepaid,POS Terminal,168.191.196.228,OTP,0,0
e5820161-0dfe-4a14-b8c0-eaa435e6dcda,c5ad1d77,4078.06,5a61f8,Online,Berlin,2025-01-06 14:44:47,Prepaid,Desktop,87.110.170.170,Biometric,0,1
2a6b2208-2fa1-4539-9567-dbd4112815e7,0faad932,4749.01,a96b93,ATM,Sydney,2025-01-03 21:36:26,Credit,Mobile,79.191.169.197,Biometric,0,1
dd32fc4d-1184-46ee-9855-c87905480fcf,09eb5625,1604.07,21fe5e,Transfer,Berlin,2025-01-17 22:48:42,Credit,POS Terminal,73.155.234.251,Biometric,0,0
8c83dbea-7ebb-4b7c-896a-13d9770baf2e,8a9c8b5d,2641.08,a4baaf,ATM,Berlin,2025-02-23 11:53:34,Prepaid,Desktop,43.135.182.98,PIN,0,1
2642360e-ee63-4ca8-ba25-717486b77eb4,673f046a,2282.94,849942,POS,London,2025-02-28 14:28:57,Credit,Mobile,156.161.225.117,OTP,0,1
94abddeb-aab6-41a4-a774-31c26ee5a568,c99af9dd,1855.08,bf76f0,Online,New York,2025-02-24 08:22:47,Prepaid,Desktop,19.167.97.95,PIN,0,0
a8cde1fc-4308-415a-b7f4-c891293777c2,0b4dbb67,4516.88,3f9e9c,POS,New York,2025-01-31 12:05:40,Credit,POS Terminal,179.46.96.140,PIN,0,0
b8d825f0-1717-4127-825a-3bc23330fe24,8f97d606,2952.18,fed7b5,Online,London,2025-01-14 06:13:55,Debit,Desktop,160.32.67.71,PIN,1,0
605d2c9b-8388-4e2a-987c-2f021cb9b2ea,9e993ef8,1331.15,60176f,Transfer,Tokyo,2025-01-23 18:05:08,Prepaid,Mobile,27.227.67.247,Biometric,0,0
60fd5160-3ab3-4d48-8016-2846e22d7f2e,b7a51756,1356.81,d1478c,ATM,Los Angeles,2025-02-02 20:40:51,Prepaid,POS Terminal,205.86.82.233,OTP,0,0
ca2896e6-70b9-4e20-815f-27efe6cf76fb,9d822b7a,471.6,98652c,Online,Tokyo,2025-02-03 04:11:03,Prepaid,POS Terminal,20.227.85.19,OTP,1,0
5aa9b7af-4035-4e4c-8b33-e148e5ce9506,8891b3b8,3762.68,7e2cfa,POS,Tokyo,2025-01-30 07:11:51,Prepaid,POS Terminal,191.20.31.77,PIN,0,1
030fba6f-0d02-4556-bd50-99c490ad3d55,b39b0c5c,1678.72,16796a,Transfer,London,2025-01-22 17:36:23,Prepaid,Desktop,56.217.34.147,OTP,0,0
535e5223-e5e9-44fd-87ef-510707dd5ce5,d5525b1b,1502.71,481ac6,Online,Los Angeles,2025-02-13 06:23:08,Credit,Mobile,146.78.5.213,OTP,1,0
dec55657-8fbe-4100-b356-a61bcb32eed8,77eaccb9,2196.95,401da2,Transfer,London,2025-02-23 14:49:21,Prepaid,Mobile,219.142.167.215,OTP,0,0
d5845393-4dd5-4a8f-8fbe-cc4dbf741a1b,0f417cda,497.35,a20a07,Transfer,London,2025-02-28 18:24:08,Debit,Mobile,94.179.235.99,Biometric,0,0
00c27cbb-4867-4597-86b7-4553027ba493,34555c4f,4384.13,b8b5a4,Transfer,Tokyo,2025-01-30 01:38:13,Prepaid,Mobile,218.175.137.103,PIN,0,0
2a6b2208-2fa1-4539-9567-dbd4112815e7,0faad932,4749.01,a96b93,ATM,Sydney,2025-01-03 21:36:26,Credit,Mobile,79.191.169.197,Biometric,0,1
f02a36ee-1c05-49bb-a8ed-b5c5db71886e,6cc7f51b,1797.58,5411e1,POS,New York,2025-02-28 20:48:55,Prepaid,POS Terminal,153.246.146.141,OTP,0,0
ccaaca9c-3979-405e-8bad-4b0d1df20614,e6c9aa27,721.27,58f96d,Online,Tokyo,2025-02-19 15:19:24,Debit,Desktop,26.59.116.218,PIN,1,0
509158e7-3309-4c81-bea6-24a995d36357,36840386,4105.48,5d69de,Transfer,London,2025-01-04 10:44:14,Credit,Mobile,84.99.201.173,PIN,1,1
87a9c3ee-c810-4217-8b9d-2d1d2325d66a,c4b7e5b8,44.4,d7d3ce,ATM,Sydney,2025-01-21 14:14:38,Prepaid,POS Terminal,201.175.247.94,OTP,0,0
61093bba-dc48-43b4-9f23-37f27a5b8708,bc1bc421,3904.74,c05ff3,Transfer,Tokyo,2025-02-05 11:38:34,Debit,Desktop,126.160.162.11,PIN,0,0
9d74e662-91bc-48bc-88d3-dfad04d20a0a,d6e1c8e2,4639.28,8f1854,Transfer,Berlin,2025-01-11 10:39:17,Debit,POS Terminal,198.91.127.171,Biometric,0,0
ce3ee48a-036a-463c-b76b-d9c39d707ca7,64e2e516,3316.18,a391ac,POS,Los Angeles,2025-02-23 14:11:14,Credit,Desktop,185.75.59.253,Biometric,0,0
8bb22dea-e14e-4c55-99d6-44df3f3a4d64,86ca5b74,3087.41,4b6b00,Transfer,Tokyo,2025-02-07 12:16:41,Prepaid,Mobile,108.213.193.227,OTP,0,1
b3285352-19c5-4a7f-b0cf-e2fde54ae6e6,5a4d2343,1820.79,87d85d,ATM,Los Angeles,2025-01-19 07:20:52,Credit,Mobile,142.210.251.115,Biometric,0,0
32b9f39a-f21c-43ba-8620-427c48ce794b,8360861d,1973.21,3bebfc,Online,London,2025-01-28 22:11:03,Prepaid,POS Terminal,131.57.169.146,PIN,1,0
e037ecb8-b2ce-423b-97d3-c770c6a4c0d3,897482c8,1407.11,2c5300,Transfer,London,2025-01-13 21:19:44,Prepaid,Mobile,26.92.108.93,Biometric,0,1
08846d5f-b941-4aff-aa1e-a4fc8314a542,c3f12887,111.85,470fa0,POS,London,2025-01-20 01:24:21,Prepaid,Desktop,93.155.237.172,OTP,0,0
f3acd7e6-98d4-4e29-bb19-17b9296935ad,b5951edf,2899.12,6727c4,Transfer,Sydney,2025-02-05 04:53:03,Debit,Mobile,203.66.66.27,PIN,0,0
f69e9301-7911-40c1-8021-76de0b5fdbe8,82ab4409,3330.49,f4cd3b,POS,London,2025-01-18 10:25:51,Credit,POS Terminal,113.48.41.254,Biometric,0,0
f4431030-cf7b-4e61-a9c6-49d333dd2df8,08cdcc36,3607.37,926e9c,Transfer,New York,2025-02-28 19:40:36,Prepaid,Mobile,32.192.177.11,Biometric,0,0
d6285d04-4fd2-4914-ba61-65e1d24f7e77,40df13d6,3957.68,2602a7,POS,Berlin,2025-01-22 00:15:43,Credit,POS Terminal,193.205.144.238,PIN,0,0
124e8196-b86c-4c17-870a-8860a291515c,4284c872,4783.97,e64d5e,Transfer,New York,2025-02-10 13:11:40,Prepaid,Mobile,66.53.251.160,Biometric,0,1
8e7b6847-8dc0-44ad-8d45-7a151efd8e15,f58d2466,656.58,8e7e34,ATM,Tokyo,2025-01-25 06:10:44,Prepaid,POS Terminal,116.150.208.212,Biometric,0,0
d9326db8-b0fd-4a2e-a7a8-afda037699f7,f70ee005,705.01,d4f46c,POS,London,2025-01-23 18:39:22,Prepaid,Desktop,189.191.130.199,PIN,0,0
b0276e01-2594-4508-bb5f-46c59418e056,aca134c8,3840.93,9838e2,POS,Los Angeles,2025-01-06 08:09:06,Debit,POS Terminal,23.130.68.211,PIN,0,1
d939e9ee-d65b-4bc9-bac0-18189997cc10,592f746c,3302.49,b6aa50,POS,Berlin,2025-01-01 05:44:11,Debit,POS Terminal,31.98.22.174,OTP,0,0
ace6e9fb-bdbc-4169-878d-d1cba0d9e21a,d0d1a377,3970.85,d3c5b3,Online,London,2025-02-24 17:32:15,Prepaid,POS Terminal,44.48.47.150,OTP,0,0
c3fa17f6-36b1-4bca-9eaf-5ebda9fd3420,44ebb92f,4253.6,67913e,ATM,Berlin,2025-01-04 14:16:34,Credit,Mobile,35.45.199.189,OTP,0,1
ac4546d5-318e-4c58-9a76-d1e534a65fe9,38c99b21,4860.05,df96ba,POS,New York,2025-01-29 10:43:13,Credit,POS Terminal,102.181.191.78,OTP,0,0
ab9226b9-d3d0-4d45-a240-a7c341611521,88ec2b12,1912.28,a8e504,ATM,Sydney,2025-02-05 04:24:16,Credit,Desktop,126.245.97.251,Biometric,0,0
8fd9910c-a8a3-4b2b-b9fb-a0efb3e12315,bb5364f8,4928.14,c9b887,POS,Berlin,2025-02-13 12:46:13,Debit,Desktop,103.144.78.126,OTP,0,0
4a0fcdb8-0e84-47e4-9d28-19a165271541,332e7980,4070.32,fbde42,POS,Los Angeles,2025-01-28 17:00:41,Debit,Mobile,113.218.235.49,Biometric,0,0
a2691ff8-c097-4815-9d0b-7d26c60fe812,27bd672a,4740.29,a75741,POS,Sydney,2025-01-07 09:52:24,Prepaid,Desktop,103.80.214.115,OTP,0,0
868a0863-e6f2-4064-adfb-b930e7b5175c,0762029d,530.33,81119d,ATM,New York,2025-02-05 05:54:26,Prepaid,POS Terminal,27.110.103.68,PIN,1,0
063eb0ce-ccb5-4ce3-aeb5-7470b72fc7a4,4711c4b3,3213.61,29360c,ATM,Berlin,2025-01-10 05:00:26,Credit,POS Terminal,217.93.75.36,PIN,0,1
68ecaa00-7e5e-4340-95b1-bbd8035db5d0,9ed33686,733.04,37f5d6,Transfer,New York,2025-01-15 12:44:21,Credit,Mobile,124.74.10.152,Biometric,0,0
35c4a0fd-d40f-44b7-80e0-604cc3f39ca9,f6c8682d,1290.46,38e080,POS,New York,2025-02-11 18:48:35,Debit,Desktop,116.92.7.160,OTP,0,0
73cd7e9a-0cf5-4105-80ae-52e18902ad08,5cce216c,3264.81,fe5a5c,Transfer,Sydney,2025-02-02 23:34:04,Prepaid,POS Terminal,201.185.117.100,Biometric,1,1
6c41035c-df94-4881-8603-b5084e537848,c0871cb0,4740.73,08eab9,Online,Los Angeles,2025-01-10 20:32:03,Prepaid,Mobile,34.149.173.100,Biometric,0,1
c08dfe5c-9bc1-4bb4-8c4f-52273de4ad4c,863377d9,4108.44,67a0a5,ATM,Sydney,2025-01-07 08:56:22,Credit,POS Terminal,168.32.167.157,OTP,0,0
ad3860d0-71f4-4f35-9900-a04ffdecd756,ba0e50d8,3715.06,8bf13d,POS,Los Angeles,2025-01-07 20:24:35,Credit,Desktop,25.177.0.79,PIN,0,0
726cc29b-dead-4f86-bffb-a6152a0cf729,f68ede91,1933.27,3a5981,Transfer,Berlin,2025-02-15 11:33:16,Prepaid,Desktop,138.16.238.71,Biometric,1,0
4175d8d5-23ea-4788-b105-71b2edbdd302,48595f8f,4393.37,dc6622,POS,Los Angeles,2025-01-16 00:35:26,Prepaid,Desktop,68.70.97.130,OTP,0,0
1bf0225d-c7ca-427d-8687-e81772137916,95b16887,583.48,603517,Transfer,London,2025-01-01 15:07:51,Credit,Desktop,104.152.114.251,PIN,0,0
39584fd8-1a38-4944-b89e-5da5e9d53af6,86986c17,3157.93,8719e0,Transfer,London,2025-02-17 19:18:03,Prepaid,Desktop,3.114.55.129,OTP,0,0
5aa9b7af-4035-4e4c-8b33-e148e5ce9506,8891b3b8,3762.68,7e2cfa,POS,Tokyo,2025-01-30 07:11:51,Prepaid,POS Terminal,191.20.31.77,PIN,0,1
3e6e40f0-057d-46c7-abd2-17a48da37c65,dc303223,4575.47,50b028,Transfer,Berlin,2025-02-11 07:30:19,Prepaid,Desktop,130.51.28.241,Biometric,0,0
42b9fbe6-242f-43cc-918d-35d4f62f5184,0c8955a3,3571.92,9b3dfe,Transfer,Los Angeles,2025-01-31 01:27:02,Prepaid,Desktop,27.245.139.176,OTP,0,0
cdaea388-85e3-4825-a65e-2995e2e37e06,999d81d2,3426.78,1dce1b,Transfer,Sydney,2025-02-02 05:24:59,Credit,POS Terminal,66.105.158.61,Biometric,0,1
ce43278d-79d8-4ebe-a9a9-9a50c1215355,925fbcb7,3253.41,86a7d2,ATM,London,2025-01-01 21:41:19,Prepaid,Desktop,179.33.6.21,PIN,0,0
063eb0ce-ccb5-4ce3-aeb5-7470b72fc7a4,4711c4b3,3213.61,29360c,ATM,Berlin,2025-01-10 05:00:26,Credit,POS Terminal,217.93.75.36,PIN,0,1
48737555-b7b7-4b50-97f8-a70ab57da32c,b7c50737,4658.75,bf8871,POS,London,2025-01-23 07:30:06,Prepaid,Desktop,179.114.178.6,Biometric,0,0
8cfde043-2d06-43bd-8c81-7a2a668f9e68,c39de6b7,3797.31,37948b,Online,New York,2025-02-12 06:14:02,Prepaid,POS Terminal,113.217.93.227,Biometric,1,0
0a1fcc8e-7907-4430-ba94-c662a41013fd,ff80e81f,4324.41,8e555a,POS,Sydney,2025-01-25 18:18:25,Credit,Desktop,148.149.177.96,PIN,0,0
a59a1b1b-0953-4874-8ebb-04ccc5119d72,d81474dc,4532.3,e68431,POS,Los Angeles,2025-01-26 12:39:32,Debit,Mobile,78.112.243.61,PIN,0,0
73d472cd-3c24-4092-aa00-182cda0b0dfc,962cad00,2787.75,7bca6e,POS,Berlin,2025-01-29 01:20:33,Credit,Desktop,4.35.57.132,PIN,0,1
151dd7ce-1aeb-4cc2-bc52-97e85625012c,83ff9e8e,229.62,c1812c,ATM,New York,2025-02-16 03:38:54,Prepaid,POS Terminal,74.13.195.141,Biometric,0,0
4e5b7c36-be75-44e3-ae83-008a75b557d4,a5abd82a,3302.72,d1a637,POS,Los Angeles,2025-01-21 00:07:43,Credit,POS Terminal,156.51.133.52,Biometric,0,0
f0eff9d5-8c93-47d6-a9b9-d32d0e32912c,99232504,3321.77,ed3798,POS,Sydney,2025-01-18 07:57:18,Prepaid,Mobile,95.111.216.23,OTP,1,1
222543cb-9147-4470-bfd2-42d343ca56cb,bf136bb8,2617.06,be47ae,Transfer,New York,2025-02-16 04:30:31,Credit,Mobile,153.183.165.104,PIN,0,1
89246c7a-16b8-4c3d-87b5-05ed4c340d31,59fb4886,3862.98,c75beb,Online,London,2025-01-09 03:30:01,Debit,POS Terminal,74.79.85.39,OTP,0,1
e037ecb8-b2ce-423b-97d3-c770c6a4c0d3,897482c8,1407.11,2c5300,Transfer,London,2025-01-13 21:19:44,Prepaid,Mobile,26.92.108.93,Biometric,0,1
25d73223-a634-4b4f-8b08-e1eec2409339,6760738f,4997.76,7ed42e,POS,Berlin,2025-02-05 02:29:04,Prepaid,Desktop,83.139.56.34,Biometric,1,1
408a7897-fa3b-49c4-a6cb-f0e36a100c12,2df542df,2013.26,0fa811,Transfer,Tokyo,2025-02-14 09:51:47,Prepaid,POS Terminal,59.18.239.220,PIN,0,1
47042819-6d24-42c5-b0f4-fe6c9dad7f7b,b6f65686,1097.64,931fe6,ATM,New York,2025-01-16 14:32:04,Credit,Desktop,99.37.23.194,OTP,0,0
c2d586c1-5385-4524-bf57-0db85ab3cb65,ef499c3a,414.25,2b2a50,Transfer,Tokyo,2025-01-25 01:58:20,Credit,Desktop,38.247.192.90,PIN,0,1
c81513ad-ee63-476d-ab6c-0321fdb088cb,b25a45b9,1423.54,188aeb,Online,Los Angeles,2025-02-06 20:40:57,Credit,Desktop,142.72.218.77,PIN,0,1
3f8f2421-1229-4115-88d7-8bec080a32c6,66a9cb23,4497.87,5fa12f,ATM,New York,2025-02-28 07:43:38,Debit,Mobile,129.159.230.131,PIN,0,0
c93569cb-9ddc-41d5-990a-2e378c5985ee,477d8641,3533.81,550d6f,POS,New York,2025-02-18 14:18:04,Credit,Desktop,156.38.55.86,OTP,0,0
73d472cd-3c24-4092-aa00-182cda0b0dfc,962cad00,2787.75,7bca6e,POS,Berlin,2025-01-29 01:20:33,Credit,Desktop,4.35.57.132,PIN,0,1
c81513ad-ee63-476d-ab6c-0321fdb088cb,b25a45b9,1423.54,188aeb,Online,Los Angeles,2025-02-06 20:40:57,Credit,Desktop,142.72.218.77,PIN,0,1
384c740f-b77c-4dec-9da1-e19c31a08ea3,b08f5315,2561.81,6aee51,Online,Los Angeles,2025-02-20 17:31:44,Debit,POS Terminal,93.210.142.23,PIN,0,0
d09e793d-a741-449e-83d4-c6d5decc324a,7adfe20c,172.97,1b184f,ATM,Tokyo,2025-01-23 15:30:32,Credit,Desktop,179.140.172.152,OTP,0,0
e5820161-0dfe-4a14-b8c0-eaa435e6dcda,c5ad1d77,4078.06,5a61f8,Online,Berlin,2025-01-06 14:44:47,Prepaid,Desktop,87.110.170.170,Biometric,0,1
aafff39d-c1f6-4d57-8dae-0ce3ebc8f49f,b2e6b321,1912.33,6e1cf1,POS,Sydney,2025-02-07 04:08:07,Prepaid,Mobile,179.137.233.144,OTP,0,0
095937e0-f761-4b2d-bae9-55c1d088761d,25ba836d,3035.37,acd2be,Transfer,London,2025-02-26 11:18:52,Credit,Desktop,26.62.91.128,PIN,0,0
408a7897-fa3b-49c4-a6cb-f0e36a100c12,2df542df,2013.26,0fa811,Transfer,Tokyo,2025-02-14 09:51:47,Prepaid,POS Terminal,59.18.239.220,PIN,0,1
095a8a40-2153-4406-b29c-5d1a450bbdd3,01062285,197.08,547db8,ATM,Berlin,2025-01-13 20:54:26,Credit,Desktop,81.141.194.156,Biometric,0,1
a56e2f8c-8821-4dad-9300-2c1ebe1776ea,6947ec18,4655.48,9ec3bb,Transfer,Los Angeles,2025-01-25 08:39:21,Prepaid,Desktop,162.213.109.150,OTP,0,0
e037ecb8-b2ce-423b-97d3-c770c6a4c0d3,897482c8,1407.11,2c5300,Transfer,London,2025-01-13 21:19:44,Prepaid,Mobile,26.92.108.93,Biometric,0,1
4308b9a3-eccd-4245-871c-282c54e16c7a,37dfbecd,3567.77,03835c,Transfer,Berlin,2025-01-17 03:00:42,Prepaid,Desktop,39.64.226.148,PIN,0,0
99f0826e-089d-4ac0-81e4-5f2630c44eb6,b984443d,4693.2,d03961,Transfer,London,2025-01-11 17:54:50,Credit,Desktop,44.243.183.54,OTP,0,0
23a825bb-14ac-4f2b-bfbc-88266ac2f4a8,dbe154bf,1975.13,00e91c,ATM,New York,2025-02-18 05:00:11,Prepaid,Desktop,169.166.128.237,Biometric,0,0
c3fa17f6-36b1-4bca-9eaf-5ebda9fd3420,44ebb92f,4253.6,67913e,ATM,Berlin,2025-01-04 14:16:34,Credit,Mobile,35.45.199.189,OTP,0,1
bc7c3cb4-1e14-47cc-a686-30f4199919fa,5466fecd,4345.4,39b7c3,POS,Tokyo,2025-01-17 13:22:57,Credit,Desktop,117.150.237.8,PIN,1,1
20b93057-e425-4b85-8948-f1c0379d97a1,5edd05ea,277.87,04828e,ATM,New York,2025-02-06 06:42:07,Debit,POS Terminal,120.85.74.218,Biometric,0,0
f0eff9d5-8c93-47d6-a9b9-d32d0e32912c,99232504,3321.77,ed3798,POS,Sydney,2025-01-18 07:57:18,Prepaid,Mobile,95.111.216.23,OTP,1,1
2a6b2208-2fa1-4539-9567-dbd4112815e7,0faad932,4749.01,a96b93,ATM,Sydney,2025-01-03 21:36:26,Credit,Mobile,79.191.169.197,Biometric,0,1
062a95bc-4103-440c-ba07-3b67bf8cd199,2ccce92d,2724.52,b3b329,POS,New York,2025-01-22 08:13:42,Prepaid,POS Terminal,99.189.89.169,Biometric,0,0
ae4f7c9f-d861-4bc9-8274-07a9b05843de,883699a5,2610.75,af5e66,POS,Tokyo,2025-01-08 13:04:09,Credit,Mobile,212.13.203.69,Biometric,0,0
e5820161-0dfe-4a14-b8c0-eaa435e6dcda,c5ad1d77,4078.06,5a61f8,Online,Berlin,2025-01-06 14:44:47,Prepaid,Desktop,87.110.170.170,Biometric,0,1
4a8eb1f8-ecac-4d0a-b0e0-0e38eb3b1d6c,44b1aa23,3739.55,36e8c9,POS,Sydney,2025-01-08 05:13:02,Prepaid,POS Terminal,216.76.2.128,Biometric,0,0
73cd7e9a-0cf5-4105-80ae-52e18902ad08,5cce216c,3264.81,fe5a5c,Transfer,Sydney,2025-02-02 23:34:04,Prepaid,POS Terminal,201.185.117.100,Biometric,1,1
b3c8cb11-ecf4-41bb-b979-1b3bb00f8ad0,c89cac3d,3545.51,cdeb5d,Online,London,2025-01-25 15:50:16,Credit,Mobile,54.8.129.5,PIN,0,0
c6639e25-0fae-43d2-8c90-056de5040381,7d7b1f46,4406.58,6e093e,Transfer,Los Angeles,2025-02-08 10:00:15,Prepaid,Desktop,117.11.206.40,OTP,0,0
a1599913-c43c-4889-bca8-37d5d58a04fc,9d1d04e6,2593.69,6a42fe,Online,Berlin,2025-01-10 12:17:46,Prepaid,Desktop,58.11.65.247,OTP,0,1
63f507ac-3210-46c1-a5af-11c3926718ea,84af1e37,1094.87,f2ab01,Transfer,Los Angeles,2025-02-08 19:55:47,Credit,POS Terminal,44.134.221.235,Biometric,0,0
32aa6ed6-5f1d-4865-9732-3a13ce192f6d,cf8b136c,108.11,754967,POS,Sydney,2025-01-04 16:06:07,Credit,Desktop,151.160.18.0,Biometric,1,0
cdaea388-85e3-4825-a65e-2995e2e37e06,999d81d2,3426.78,1dce1b,Transfer,Sydney,2025-02-02 05:24:59,Credit,POS Terminal,66.105.158.61,Biometric,0,1
73cd7e9a-0cf5-4105-80ae-52e18902ad08,5cce216c,3264.81,fe5a5c,Transfer,Sydney,2025-02-02 23:34:04,Prepaid,POS Terminal,201.185.117.100,Biometric,1,1
e0374b11-bf81-4a70-9425-e0d9c9b5c658,4aae3c92,2419.54,13965e,ATM,London,2025-01-08 03:50:46,Prepaid,Desktop,158.156.146.49,OTP,0,0
50e92c03-4e70-43fa-9c18-513b40642c75,9878be80,2013.47,7ee250,Transfer,Sydney,2025-02-14 02:00:21,Credit,Desktop,197.183.53.225,OTP,0,0
e892d9fe-976b-4faf-bd73-93b5191d1477,26de12c4,2317.27,8b780a,Online,Tokyo,2025-01-30 03:35:27,Prepaid,Desktop,187.229.147.146,Biometric,0,0
6c41035c-df94-4881-8603-b5084e537848,c0871cb0,4740.73,08eab9,Online,Los Angeles,2025-01-10 20:32:03,Prepaid,Mobile,34.149.173.100,Biometric,0,1
c26d0773-3ac0-452c-9335-fb4a0f43de29,00e3dcab,1857.66,9f05b1,Online,London,2025-02-22 21:39:28,Debit,POS Terminal,160.150.148.39,OTP,0,0
89246c7a-16b8-4c3d-87b5-05ed4c340d31,59fb4886,3862.98,c75beb,Online,London,2025-01-09 03:30:01,Debit,POS Terminal,74.79.85.39,OTP,0,1
749500d6-1966-4ce5-93ad-e1f24363d607,3c329b02,1271.3,926927,POS,Sydney,2025-01-14 23:32:15,Prepaid,Mobile,3.229.118.103,PIN,0,0
891a5a29-001e-4423-816e-6ca2d4bf304d,beefb328,1986.92,4ded59,Transfer,Sydney,2025-01-10 18:12:14,Credit,Mobile,61.122.148.201,PIN,0,0
a6ce17c3-a581-4c1d-bdde-44810ff0f7d2,f3e7169e,4730.33,3f1ffb,ATM,Los Angeles,2025-02-24 16:36:38,Credit,POS Terminal,45.7.216.154,PIN,0,0
63db3e9c-b3d7-4106-96b9-39701e385325,7a0e7b96,2401.82,b62271,Online,London,2025-01-27 12:38:52,Credit,Desktop,1.121.231.92,OTP,0,0
c3fa17f6-36b1-4bca-9eaf-5ebda9fd3420,44ebb92f,4253.6,67913e,ATM,Berlin,2025-01-04 14:16:34,Credit,Mobile,35.45.199.189,OTP,0,1
1c94e3b7-2298-40c4-bca5-f9aa95143dab,14471b1c,4769.29,264147,Online,Tokyo,2025-02-09 19:28:23,Credit,Mobile,166.200.191.169,PIN,1,0
a07e826d-54b8-4fe2-bc4b-a7abe7a99bf5,04a883ef,2639.74,d68bb0,ATM,New York,2025-01-17 20:36:40,Credit,POS Terminal,69.228.228.172,OTP,1,1
8bb22dea-e14e-4c55-99d6-44df3f3a4d64,86ca5b74,3087.41,4b6b00,Transfer,Tokyo,2025-02-07 12:16:41,Prepaid,Mobile,108.213.193.227,OTP,0,1
6ab60279-64e5-4333-a69e-ced99edd1089,956872e6,760.76,4c6dbb,ATM,Berlin,2025-02-24 01:00:41,Prepaid,POS Terminal,154.27.153.72,OTP,0,0
fd0943c7-263e-498f-8a82-5c32d62cd101,8d8e6549,3244.86,bb62ed,POS,Berlin,2025-01-09 10:40:51,Credit,Mobile,210.121.194.140,Biometric,0,0
0e46180b-0e0a-4988-9991-0d3704f3f10a,195427d9,3526.84,304613,Online,Los Angeles,2025-01-09 07:38:26,Debit,POS Terminal,32.173.140.41,PIN,1,0
0d1a0277-0df9-4892-ae84-c1a85f6f7d0b,cdf80033,3416.53,6d8569,Transfer,Los Angeles,2025-01-20 17:48:17,Credit,POS Terminal,174.121.45.230,PIN,0,0
1fb778df-b319-4b45-8b33-18bbdf8bf599,09f9aeb0,4998.57,3facbd,Transfer,Sydney,2025-02-09 02:01:44,Prepaid,Desktop,52.142.213.51,OTP,0,0
775ef29d-2e71-436e-a15e-9b655c3c0cc4,a3338015,3599.75,74c095,ATM,Los Angeles,2025-01-15 00:20:23,Prepaid,Desktop,209.15.76.85,OTP,0,0
5bf4f7cf-beb1-4715-9349-cb1a6e6a2be8,15566882,4675.17,7f9840,Online,New York,2025-02-15 14:34:05,Prepaid,Desktop,206.21.222.219,PIN,0,1
b5b68552-8a77-4f4a-9f41-41acba221bb5,573f98fc,2806.76,2acdc5,ATM,Tokyo,2025-02-13 16:09:25,Credit,Desktop,216.55.62.168,PIN,0,0
d8669831-d44c-4877-a081-473583582bc5,653262d6,467.85,cba93d,Transfer,Berlin,2025-01-30 11:47:15,Prepaid,Desktop,151.173.138.214,OTP,0,0
6666e9d4-e212-41d8-b8e7-3b682bea9f8c,ee3a6af8,4658.26,54ef75,Online,Sydney,2025-01-27 12:34:08,Prepaid,POS Terminal,146.6.127.202,Biometric,0,0
a14df2e6-d402-496f-b4f5-c1165ed78b17,1281d75e,951.06,fb7b45,Online,Tokyo,2025-01-06 14:47:52,Prepaid,POS Terminal,59.8.158.110,Biometric,0,0
e0bf6e0f-156d-4642-8308-fab100b12c10,380896e4,481.58,db5ca0,ATM,Berlin,2025-02-14 13:33:55,Prepaid,Mobile,50.186.230.68,OTP,0,0
f83a5602-bbfc-4a9a-a054-15b8d88f6bd5,135dc51f,445.2,326d9d,Transfer,Berlin,2025-01-19 21:41:48,Prepaid,Mobile,139.106.185.151,PIN,0,0
f4e75d67-2e0e-4bfb-b1a8-c373cbdb03d0,be20f7e4,220.78,65b8b1,ATM,Los Angeles,2025-02-07 16:14:16,Prepaid,POS Terminal,105.212.192.80,OTP,0,0
003a6b38-b7ec-4a98-a52f-08bb5f7cea78,40f12b19,1539.55,fe0c46,POS,Berlin,2025-01-06 04:15:45,Credit,Mobile,122.126.234.9,Biometric,0,0
1a5cbe3a-3c89-4ef4-982a-86c8c296a51e,f474b3a8,3986.75,1e4963,Transfer,Sydney,2025-01-31 18:35:46,Credit,Mobile,211.228.41.157,PIN,0,0
419c84b6-ab38-4f58-baf0-0075f2c46f28,ec714711,3775.9,d16ee6,Transfer,Los Angeles,2025-02-22 21:37:29,Credit,Desktop,221.33.25.96,Biometric,0,0
24437e61-711c-4d98-9f7d-1ba89e881e3b,d1ab5933,4757.49,f006ca,ATM,Los Angeles,2025-02-25 21:48:57,Prepaid,POS Terminal,65.56.150.0,Biometric,0,1
99c6b220-d372-4d81-926a-c27f26ee7889,b19b3fdf,1039.23,3d85ba,Transfer,Los Angeles,2025-02-24 19:07:38,Prepaid,Desktop,109.213.213.130,OTP,0,0
42e1313f-d021-4f33-b192-dd178961ef43,95fd91bc,4025.39,de7800,ATM,New York,2025-01-31 22:26:13,Debit,Desktop,83.170.203.192,Biometric,0,0
095a8a40-2153-4406-b29c-5d1a450bbdd3,01062285,197.08,547db8,ATM,Berlin,2025-01-13 20:54:26,Credit,Desktop,81.141.194.156,Biometric,0,1
41b96f23-6fca-4f52-a700-6f73ffecbbbc,3e4942e8,3712.85,b98b2a,POS,Berlin,2025-01-23 00:41:53,Credit,POS Terminal,115.136.245.78,OTP,1,0
c60ac3b5-784d-4eee-a418-140a7c5d8721,7a7d40ad,3536.01,70a442,Online,London,2025-01-10 00:40:59,Prepaid,Desktop,35.98.219.17,Biometric,0,0
222543cb-9147-4470-bfd2-42d343ca56cb,bf136bb8,2617.06,be47ae,Transfer,New York,2025-02-16 04:30:31,Credit,Mobile,153.183.165.104,PIN,0,1
4c8aec48-7300-4bd1-aaff-3963d2a2ca8e,40cb4a86,3468.0,5aec24,Transfer,London,2025-01-29 02:18:28,Credit,POS Terminal,69.186.170.178,OTP,0,0
c6b7934d-d7f6-4370-a006-12259461f96b,328f7342,4414.32,887f80,Transfer,Sydney,2025-02-23 14:58:00,Credit,Desktop,188.147.118.180,PIN,0,0
3854577f-b2d6-4a80-926b-5a54c12e4bee,91892767,3124.12,98de84,ATM,Tokyo,2025-01-26 00:13:18,Credit,POS Terminal,86.161.240.164,OTP,0,1
11a9d06a-de5d-4feb-94fa-e40b03333ae0,037b9e23,355.71,dfd99a,POS,Tokyo,2025-01-04 20:57:42,Prepaid,Desktop,161.248.24.11,PIN,0,0
8bb22dea-e14e-4c55-99d6-44df3f3a4d64,86ca5b74,3087.41,4b6b00,Transfer,Tokyo,2025-02-07 12:16:41,Prepaid,Mobile,108.213.193.227,OTP,0,1
408a7897-fa3b-49c4-a6cb-f0e36a100c12,2df542df,2013.26,0fa811,Transfer,Tokyo,2025-02-14 09:51:47,Prepaid,POS Terminal,59.18.239.220,PIN,0,1
0f69aae8-eeb9-40a6-87c3-57825588c851,f27c44b4,4186.26,570aa5,Online,Los Angeles,2025-01-09 04:10:31,Debit,Mobile,28.91.24.46,OTP,1,0
b4b6eea1-9a93-4572-9a5e-48db7a581db0,e8f792a6,4549.64,42b52f,ATM,London,2025-02-15 20:45:14,Credit,Mobile,134.197.187.226,Biometric,0,0
261cebae-fe70-485f-a40b-e40d463d8dac,f33621c4,1976.51,b2a887,ATM,Tokyo,2025-01-01 13:21:53,Prepaid,Mobile,50.181.39.184,Biometric,0,0
e0518e96-05ad-432b-8e88-704654e759b8,95a7a4ba,1573.04,237549,POS,London,2025-01-13 22:09:08,Debit,Desktop,34.198.203.129,PIN,0,0
c3fa17f6-36b1-4bca-9eaf-5ebda9fd3420,44ebb92f,4253.6,67913e,ATM,Berlin,2025-01-04 14:16:34,Credit,Mobile,35.45.199.189,OTP,0,1
8bb22dea-e14e-4c55-99d6-44df3f3a4d64,86ca5b74,3087.41,4b6b00,Transfer,Tokyo,2025-02-07 12:16:41,Prepaid,Mobile,108.213.193.227,OTP,0,1
a2b2befe-9af5-46a5-8017-afa275b8355c,3dcd3e85,4658.32,cc0334,Transfer,Sydney,2025-02-19 20:48:57,Debit,Desktop,166.232.120.166,OTP,0,0
3bb3d8e9-4e54-4707-b28b-871e58ac7c26,9719ff61,2246.92,9b054f,ATM,London,2025-01-29 19:43:00,Credit,Mobile,184.74.48.198,PIN,0,0
26c41e6e-8576-498a-ae7f-255fadea6904,04b43783,3928.15,bdb0f6,Online,Los Angeles,2025-02-12 17:49:39,Prepaid,Desktop,193.32.228.212,Biometric,0,1
462938c3-74c8-46ec-a974-44e00886ee62,fcb29e3c,2309.98,da02fb,POS,London,2025-02-27 07:08:01,Debit,Desktop,72.15.177.87,OTP,1,1
db4925c8-21eb-4412-b2bb-af269dea7310,47101956,4907.06,50044a,ATM,Berlin,2025-02-06 09:47:53,Debit,POS Terminal,100.185.120.109,OTP,0,0
3e2a4108-a265-48d1-b5c9-ad8dacb375eb,59ec2f24,2703.8,1a4ed9,Online,Berlin,2025-01-07 00:23:14,Prepaid,Desktop,208.90.30.200,Biometric,0,0
bf4a8b5d-32e6-415a-aedc-2c2fcbaf4a52,1aaf317e,4221.52,a37010,ATM,New York,2025-01-31 09:07:19,Credit,POS Terminal,21.116.19.175,OTP,0,0
8bb22dea-e14e-4c55-99d6-44df3f3a4d64,86ca5b74,3087.41,4b6b00,Transfer,Tokyo,2025-02-07 12:16:41,Prepaid,Mobile,108.213.193.227,OTP,0,1
222543cb-9147-4470-bfd2-42d343ca56cb,bf136bb8,2617.06,be47ae,Transfer,New York,2025-02-16 04:30:31,Credit,Mobile,153.183.165.104,PIN,0,1
769c7831-b637-4182-a732-e688a3a7a5ce,33dbe557,3109.14,0b96a4,ATM,New York,2025-01-31 20:25:29,Credit,Desktop,162.19.51.182,PIN,0,0
222543cb-9147-4470-bfd2-42d343ca56cb,bf136bb8,2617.06,be47ae,Transfer,New York,2025-02-16 04:30:31,Credit,Mobile,153.183.165.104,PIN,0,1
36a04ea2-e9c8-464d-8320-26a8d59a710a,66bca3af,1672.12,8de50d,Transfer,Los Angeles,2025-02-12 16:09:30,Prepaid,Desktop,101.65.123.219,PIN,0,0
a34ab940-07b7-457e-9196-894efcd55190,8afc7464,3894.09,05c61e,Online,Los Angeles,2025-01-22 04:50:29,Credit,Mobile,23.68.134.254,PIN,1,0
9ff9dce3-7169-423f-b122-866cc0a9c881,252b45e4,3269.61,438c2a,Transfer,Berlin,2025-01-14 03:26:36,Prepaid,Mobile,95.161.75.160,OTP,1,0
15faea61-6ed3-40ac-9f62-b4782af7b898,500f34a0,1350.59,81293e,ATM,New York,2025-02-25 14:05:04,Prepaid,POS Terminal,46.21.88.184,PIN,0,0
e4f74ab0-0f21-4deb-8a8d-844146d63de7,ddab2a9b,511.88,5850e3,Online,London,2025-01-22 02:46:07,Debit,Desktop,178.114.7.5,OTP,0,0
eb430da5-ab6d-4cc1-ba94-be424f20ca02,f91d1a08,4126.01,03af5c,ATM,Sydney,2025-01-31 11:55:57,Prepaid,POS Terminal,106.52.178.124,OTP,1,0
eb201e5f-b6ff-44fd-9e56-e82ea448be9a,621fcefd,2375.95,40da1c,Online,Berlin,2025-01-23 04:07:14,Credit,Desktop,8.67.236.178,OTP,0,0
01863564-4ffd-4cb1-b995-f4e9f9db1948,746bb3e4,2287.79,713623,ATM,New York,2025-01-06 02:32:28,Credit,Mobile,123.222.92.154,OTP,1,0
596faab6-b11c-4442-8948-fc536f3fe84b,b54ab462,3708.01,12c1f8,Online,Berlin,2025-01-25 03:37:03,Prepaid,POS Terminal,219.128.83.146,Biometric,1,0
10449223-569e-4e48-bfc3-8630ba7ba278,ead54c4d,4522.7,90c9fb,Transfer,Sydney,2025-02-19 05:30:37,Prepaid,Desktop,76.26.115.212,Biometric,0,0
5aa9b7af-4035-4e4c-8b33-e148e5ce9506,8891b3b8,3762.68,7e2cfa,POS,Tokyo,2025-01-30 07:11:51,Prepaid,POS Terminal,191.20.31.77,PIN,0,1
8ee4f4fa-db80-4cd8-86d6-3a0fd2bf8fef,ed75af49,192.91,6b4198,ATM,Los Angeles,2025-01-22 18:48:34,Credit,Mobile,137.215.216.198,Biometric,0,0
408a7897-fa3b-49c4-a6cb-f0e36a100c12,2df542df,2013.26,0fa811,Transfer,Tokyo,2025-02-14 09:51:47,Prepaid,POS Terminal,59.18.239.220,PIN,0,1
606659ad-54bf-4a57-925e-1ca7eb1f82a4,7085a810,2107.66,701dcc,ATM,Tokyo,2025-02-09 14:14:10,Prepaid,Desktop,92.86.131.29,OTP,0,0
459a7352-d515-463a-922f-ffde8ba5b215,7d6edbbc,818.12,4124e2,POS,London,2025-01-15 18:35:22,Debit,Desktop,30.74.169.28,Biometric,0,0
8bb22dea-e14e-4c55-99d6-44df3f3a4d64,86ca5b74,3087.41,4b6b00,Transfer,Tokyo,2025-02-07 12:16:41,Prepaid,Mobile,108.213.193.227,OTP,0,1
bf17fe98-c9b1-4fc3-bbb0-a549726ecb94,2b079545,3112.02,662f83,POS,Tokyo,2025-01-03 11:36:34,Credit,Mobile,58.16.27.183,OTP,0,1
095a8a40-2153-4406-b29c-5d1a450bbdd3,01062285,197.08,547db8,ATM,Berlin,2025-01-13 20:54:26,Credit,Desktop,81.141.194.156,Biometric,0,1
0fee0a02-e505-4cc6-a0b1-12dc50efc5d1,f1c8971c,2340.93,fa39e5,POS,London,2025-01-19 10:59:02,Debit,Mobile,1.22.188.232,Biometric,1,0
c3fa17f6-36b1-4bca-9eaf-5ebda9fd3420,44ebb92f,4253.6,67913e,ATM,Berlin,2025-01-04 14:16:34,Credit,Mobile,35.45.199.189,OTP,0,1
e0092119-8606-4716-8fb7-2dc865207a39,cf13fb0d,2810.2,6f1e53,POS,Berlin,2025-02-09 14:45:01,Credit,Mobile,133.230.194.240,OTP,0,0
5aa9b7af-4035-4e4c-8b33-e148e5ce9506,8891b3b8,3762.68,7e2cfa,POS,Tokyo,2025-01-30 07:11:51,Prepaid,POS Terminal,191.20.31.77,PIN,0,1
10a82d36-f214-4372-ae6b-4b7208ff5e59,b4323d5f,3358.21,5ad96a,Transfer,London,2025-01-26 05:28:57,Credit,POS Terminal,107.141.217.45,OTP,1,1
90143f5a-b468-4827-878c-e90fa02d3d00,406fd285,1801.29,12a904,Online,London,2025-02-03 09:14:58,Debit,POS Terminal,153.183.239.151,PIN,0,0
5f42b1ad-1898-448d-a225-1f6551ed3e28,3c71ca7a,1800.05,4ab13e,POS,New York,2025-01-28 14:57:01,Prepaid,Mobile,140.100.229.138,OTP,0,0
c4c9eb31-337f-4bb4-80b6-22097d63744b,d7d17433,3611.33,80a94f,Online,Berlin,2025-02-09 22:57:37,Debit,Mobile,177.121.166.118,PIN,0,0
cdaea388-85e3-4825-a65e-2995e2e37e06,999d81d2,3426.78,1dce1b,Transfer,Sydney,2025-02-02 05:24:59,Credit,POS Terminal,66.105.158.61,Biometric,0,1
89246c7a-16b8-4c3d-87b5-05ed4c340d31,59fb4886,3862.98,c75beb,Online,London,2025-01-09 03:30:01,Debit,POS Terminal,74.79.85.39,OTP,0,1
816b1ddb-c531-4f96-b0aa-5beced23f3b0,99444a90,1542.23,acc896,Online,Tokyo,2025-01-03 14:10:50,Debit,Desktop,81.94.142.216,OTP,0,0
f71baaf9-2e57-400e-b54b-97592394f058,f457e5b4,3816.06,b910d5,Transfer,Berlin,2025-01-20 03:01:38,Credit,POS Terminal,35.59.106.155,OTP,0,0
c4b6bd91-74c4-4f75-8222-e1e995b2c172,2d5cdbcf,3256.31,080af6,POS,Sydney,2025-01-02 08:36:30,Prepaid,Desktop,23.1.62.76,PIN,0,1
3be1c3da-c763-4fac-b317-ebcec2c29b39,906d9f79,558.68,423e4b,ATM,Berlin,2025-01-31 05:31:15,Credit,Desktop,107.82.199.127,PIN,0,0
cb8e46d5-8f67-47d5-b7d7-8fb029bb2cbe,d5a3f5df,1283.42,d96e23,POS,New York,2025-02-17 17:17:44,Credit,Mobile,148.250.187.57,PIN,0,1
f2f059ec-2a78-4cfe-a6dc-04579d622f07,39113d20,1338.88,f9a05b,POS,Sydney,2025-01-04 03:03:07,Credit,Mobile,181.241.128.166,PIN,0,1
79d68e0b-553e-4ce8-abb5-768c47201ec3,0f19505d,2200.25,301057,Online,New York,2025-02-02 14:16:41,Debit,Desktop,53.104.114.131,Biometric,0,0
c81513ad-ee63-476d-ab6c-0321fdb088cb,b25a45b9,1423.54,188aeb,Online,Los Angeles,2025-02-06 20:40:57,Credit,Desktop,142.72.218.77,PIN,0,1
f0eff9d5-8c93-47d6-a9b9-d32d0e32912c,99232504,3321.77,ed3798,POS,Sydney,2025-01-18 07:57:18,Prepaid,Mobile,95.111.216.23,OTP,1,1
3854577f-b2d6-4a80-926b-5a54c12e4bee,91892767,3124.12,98de84,ATM,Tokyo,2025-01-26 00:13:18,Credit,POS Terminal,86.161.240.164,OTP,0,1
9349938a-1b8c-4c40-ae36-241c82bcdbd5,a2ec0924,1547.99,23f294,Transfer,Los Angeles,2025-01-30 08:15:01,Debit,POS Terminal,144.82.109.255,Biometric,0,0
e835d9b7-dab1-4a61-9696-eca29d7b696f,39ca4753,4284.99,5ee3e6,ATM,New York,2025-02-19 18:57:55,Prepaid,Mobile,200.159.5.238,OTP,0,0
7d1df128-b27c-43eb-9d4c-37826c9af28c,c18978b2,65.67,cbb13e,Transfer,New York,2025-02-19 19:15:29,Prepaid,Mobile,63.82.171.77,Biometric,0,0
6c41035c-df94-4881-8603-b5084e537848,c0871cb0,4740.73,08eab9,Online,Los Angeles,2025-01-10 20:32:03,Prepaid,Mobile,34.149.173.100,Biometric,0,1
cb8e46d5-8f67-47d5-b7d7-8fb029bb2cbe,d5a3f5df,1283.42,d96e23,POS,New York,2025-02-17 17:17:44,Credit,Mobile,148.250.187.57,PIN,0,1
222543cb-9147-4470-bfd2-42d343ca56cb,bf136bb8,2617.06,be47ae,Transfer,New York,2025-02-16 04:30:31,Credit,Mobile,153.183.165.104,PIN,0,1
549016bd-b729-4c68-b911-18ba338ab3e3,8b439887,3480.3,fbee46,Online,London,2025-02-19 09:36:34,Debit,Desktop,134.112.78.64,PIN,0,0
ff8e8f5e-a17e-4be0-af51-fbb24caacc93,16a0e496,102.45,904f58,ATM,Tokyo,2025-01-26 03:31:57,Credit,Mobile,119.41.169.38,Biometric,0,0
392bb016-84b0-476d-97bd-e0655132abae,1d4f3268,1112.82,82e53f,ATM,Sydney,2025-02-21 01:32:06,Prepaid,Mobile,1.193.93.11,Biometric,0,0
7ffa3e17-d4b6-414a-92c7-a4e1c0a1e57c,72040792,3719.32,8b4128,Online,London,2025-01-24 00:43:16,Credit,POS Terminal,44.210.138.72,PIN,0,0
2a43afdc-a293-4cd3-ab74-e19f6844cf9c,349562b5,1123.71,0cadf0,Transfer,Los Angeles,2025-01-25 12:47:37,Prepaid,Mobile,145.26.8.250,PIN,1,0
4e18ff67-bb48-40e3-acb6-4c8a29a800a9,cca72704,1938.3,4d88f1,POS,Sydney,2025-02-11 00:03:21,Debit,Desktop,99.39.133.112,OTP,0,0
849ead43-d0bf-4e8c-bb04-e537ad5fd69c,f1e71d82,2348.39,5d7c16,POS,Berlin,2025-01-28 15:50:26,Credit,Desktop,122.28.154.156,Biometric,0,0
926511f6-7059-446b-b6cb-70635b136539,812dce59,1569.59,f4ead8,ATM,Los Angeles,2025-02-21 07:49:20,Prepaid,POS Terminal,39.179.77.137,PIN,0,0
5777ebc8-9aae-404f-8825-5a3c662a793b,83439efa,3163.41,9fb5b8,ATM,London,2025-01-14 20:56:56,Credit,POS Terminal,108.68.224.25,Biometric,0,0
8aad7526-ae39-4174-8c6d-57b0a7f86e2f,c3200482,3403.41,0cb644,POS,Tokyo,2025-02-24 13:22:54,Debit,POS Terminal,178.97.163.193,Biometric,0,0
d9cd1496-5e30-4aad-84df-d4839e678e6d,4f624bf4,1264.77,474053,POS,Sydney,2025-01-20 23:18:42,Credit,Desktop,87.156.26.233,PIN,0,0
a1599913-c43c-4889-bca8-37d5d58a04fc,9d1d04e6,2593.69,6a42fe,Online,Berlin,2025-01-10 12:17:46,Prepaid,Desktop,58.11.65.247,OTP,0,1
d877a1fc-4dbe-4d3f-8320-55f65fa33948,e8f98f2a,3610.36,227239,ATM,New York,2025-01-28 19:28:08,Prepaid,POS Terminal,186.213.24.216,OTP,0,0
39abd77a-0c8d-4357-acfc-5837b93b8fec,2f6485d3,2316.51,0ed304,Transfer,London,2025-01-03 17:28:45,Prepaid,Desktop,53.27.199.90,PIN,0,0
85129c2b-8733-44f7-b4b2-239508bd87d4,0387c5e6,887.23,773bd0,POS,London,2025-02-11 00:48:50,Debit,Mobile,21.189.174.11,Biometric,0,0
73cd7e9a-0cf5-4105-80ae-52e18902ad08,5cce216c,3264.81,fe5a5c,Transfer,Sydney,2025-02-02 23:34:04,Prepaid,POS Terminal,201.185.117.100,Biometric,1,1
4298e4e7-c1e7-4458-a905-360b6abde486,215465d9,4033.24,84db29,Transfer,New York,2025-01-02 20:30:08,Debit,Mobile,194.158.176.13,Biometric,1,0
3854577f-b2d6-4a80-926b-5a54c12e4bee,91892767,3124.12,98de84,ATM,Tokyo,2025-01-26 00:13:18,Credit,POS Terminal,86.161.240.164,OTP,0,1
1812a74b-01b6-436b-8fca-e8549c83d618,17171cb7,3751.44,4a5c67,Online,Tokyo,2025-02-27 05:31:00,Credit,POS Terminal,183.70.238.90,OTP,1,0
316c4f5f-eb99-4e5a-8ae0-a914c1077831,505f85d6,3228.74,38199d,POS,New York,2025-02-07 13:13:11,Credit,Desktop,26.185.25.152,OTP,0,0
59d46649-604d-457e-a5cb-53264b8dc6ce,4d95119e,558.14,f824a2,Transfer,Berlin,2025-01-12 01:11:53,Debit,Desktop,45.199.72.85,Biometric,0,0
c2934241-6492-410c-a428-c6c23855a495,1b72b11f,4522.28,9bfd9b,POS,Sydney,2025-02-13 06:40:25,Debit,Mobile,186.197.202.28,Biometric,0,0
2a6b2208-2fa1-4539-9567-dbd4112815e7,0faad932,4749.01,a96b93,ATM,Sydney,2025-01-03 21:36:26,Credit,Mobile,79.191.169.197,Biometric,0,1
eff9a1a8-4b78-4d68-b78b-e763f779fedf,bcf7630c,4719.93,ee6227,POS,London,2025-01-09 17:10:33,Credit,Desktop,71.94.242.19,OTP,0,0
a57b8710-4b70-4f37-84b2-d9f33303f7de,4f6972b7,1785.8,2aa348,Transfer,New York,2025-02-22 20:44:42,Prepaid,Mobile,174.120.88.177,Biometric,0,1
62fee29a-c8c4-4520-87f5-e654e7d73e6e,4a3594f6,4422.7,807850,Transfer,London,2025-03-01 18:26:04,Prepaid,POS Terminal,213.156.161.178,OTP,0,0
16a025db-0c51-40ae-9e10-a70d8228c649,b4723477,3531.42,684e3f,POS,Berlin,2025-02-18 02:49:30,Credit,Mobile,134.236.144.156,PIN,0,0
7c6bb9d3-95cf-4e7c-910c-3a23c125d3aa,1c01266a,2685.8,7f6dea,Online,Tokyo,2025-01-06 23:24:49,Credit,Desktop,31.103.238.56,PIN,0,0
b0276e01-2594-4508-bb5f-46c59418e056,aca134c8,3840.93,9838e2,POS,Los Angeles,2025-01-06 08:09:06,Debit,POS Terminal,23.130.68.211,PIN,0,1
a463249c-2e3b-4b2b-889a-9c65bcc289da,dd1ece65,1394.51,33a56c,ATM,Sydney,2025-02-11 00:47:29,Prepaid,Desktop,180.244.134.66,Biometric,0,0
777711e1-9ff9-4581-890f-1c77055b9646,52ae9214,962.28,8b4ce1,POS,Berlin,2025-01-02 06:12:09,Credit,POS Terminal,206.69.59.16,PIN,0,0
1e979b09-c1fd-4f05-9993-3fb8361ef47a,52f9e84a,4012.76,311691,ATM,New York,2025-02-21 14:33:10,Credit,Desktop,36.235.6.252,PIN,1,0
9942d4a6-812f-42ab-bbcf-69c024c07439,bf7afcd3,94.18,466b04,Transfer,London,2025-01-30 21:33:36,Credit,Desktop,165.191.87.94,Biometric,0,0
cef51c75-1604-40f8-b8d6-9c5c0b63f285,08852fb6,3916.74,f9f39f,Online,London,2025-01-14 01:43:39,Credit,Desktop,49.101.210.185,Biometric,0,0
14acb42f-4d76-41c1-8a2b-ec01258a2541,daf75122,4972.7,d81887,ATM,New York,2025-02-25 19:55:44,Prepaid,POS Terminal,91.115.49.61,PIN,1,0
12b58b72-4366-4199-bd2e-39e44dbafa88,ee08ba47,3615.73,a02320,Online,New York,2025-01-18 23:49:12,Debit,Mobile,101.218.75.28,OTP,0,0
4b2bfd64-00b0-4add-9db8-59d2a02c1abc,365aa985,3669.5,a73351,Online,London,2025-02-27 14:59:02,Prepaid,Mobile,203.194.188.194,Biometric,0,0
095a8a40-2153-4406-b29c-5d1a450bbdd3,01062285,197.08,547db8,ATM,Berlin,2025-01-13 20:54:26,Credit,Desktop,81.141.194.156,Biometric,0,1
4bad1b4e-1ac0-4434-b04f-9ade4f277992,98eaf4d4,3585.89,263b57,ATM,New York,2025-01-13 23:35:12,Debit,Mobile,98.166.7.112,OTP,0,0
4288c3da-4145-41ab-8032-c339bb66475d,500b4dfe,4318.18,279c7c,ATM,New York,2025-03-01 00:23:44,Credit,POS Terminal,182.56.192.61,Biometric,1,0
7a8ddcbc-35d8-4e4e-aa5e-1b649c891cd7,cc7740fa,1277.1,80e804,ATM,Sydney,2025-01-28 10:14:18,Prepaid,Mobile,134.177.122.163,OTP,1,0
ccbc0670-1cfd-4671-b7fd-7ec766a82c87,c4c24cc0,1170.87,7b4fc0,Online,Berlin,2025-01-30 03:56:31,Credit,Mobile,164.180.243.67,PIN,0,0
1df2d377-5036-4907-bf95-0929e6cb2944,613f1d05,4976.84,08b79e,ATM,New York,2025-01-12 12:14:29,Debit,Mobile,87.46.220.164,PIN,0,0
24437e61-711c-4d98-9f7d-1ba89e881e3b,d1ab5933,4757.49,f006ca,ATM,Los Angeles,2025-02-25 21:48:57,Prepaid,POS Terminal,65.56.150.0,Biometric,0,1
88babc5c-6056-45a6-ac72-1843d0d696a4,ba75a203,785.83,b4c72e,ATM,Los Angeles,2025-01-28 03:44:04,Debit,Mobile,88.221.60.70,Biometric,0,1
063eb0ce-ccb5-4ce3-aeb5-7470b72fc7a4,4711c4b3,3213.61,29360c,ATM,Berlin,2025-01-10 05:00:26,Credit,POS Terminal,217.93.75.36,PIN,0,1
095a8a40-2153-4406-b29c-5d1a450bbdd3,01062285,197.08,547db8,ATM,Berlin,2025-01-13 20:54:26,Credit,Desktop,81.141.194.156,Biometric,0,1
5aa9b7af-4035-4e4c-8b33-e148e5ce9506,8891b3b8,3762.68,7e2cfa,POS,Tokyo,2025-01-30 07:11:51,Prepaid,POS Terminal,191.20.31.77,PIN,0,1
44a9bf1a-0c73-436c-858a-36b027dbe3ca,0d444e7b,640.24,82fcd9,POS,Los Angeles,2025-01-24 16:40:36,Prepaid,POS Terminal,111.53.168.134,Biometric,0,0
07d0911b-6a93-4472-9160-da2fad5d8e9b,d8c9effe,1072.11,fa0818,Transfer,Sydney,2025-02-05 05:59:56,Credit,Mobile,34.109.32.160,OTP,1,0
5aa9b7af-4035-4e4c-8b33-e148e5ce9506,8891b3b8,3762.68,7e2cfa,POS,Tokyo,2025-01-30 07:11:51,Prepaid,POS Terminal,191.20.31.77,PIN,0,1
b3ba4d1d-9b18-46c7-b73e-e537439ece4e,40899b7d,3572.64,a1c1db,Transfer,London,2025-01-05 23:54:34,Prepaid,POS Terminal,24.67.244.28,PIN,0,0
cb3d498a-09fa-4dec-8895-bc78928926e5,f33578ec,4556.39,f1c9ad,Transfer,Los Angeles,2025-02-04 00:19:39,Credit,Desktop,67.50.132.196,OTP,0,0
8bfb534c-f3a3-4a54-bd2c-95aa96274e5d,e3cd1658,2568.39,bf75a3,Online,Berlin,2025-01-16 09:25:04,Credit,Desktop,155.91.161.66,Biometric,0,0
fccec38d-b455-4149-887c-ce1b2bab45ea,8239ec9e,1573.29,a8ff2c,Transfer,London,2025-02-01 13:01:50,Debit,POS Terminal,169.97.22.97,Biometric,0,0
bbe9ea31-4414-42a4-ae62-bf9865477ce3,6d0f2e4b,769.01,07160c,POS,Tokyo,2025-01-03 20:42:52,Credit,Mobile,86.253.78.59,OTP,0,0
c4b6bd91-74c4-4f75-8222-e1e995b2c172,2d5cdbcf,3256.31,080af6,POS,Sydney,2025-01-02 08:36:30,Prepaid,Desktop,23.1.62.76,PIN,0,1
3854577f-b2d6-4a80-926b-5a54c12e4bee,91892767,3124.12,98de84,ATM,Tokyo,2025-01-26 00:13:18,Credit,POS Terminal,86.161.240.164,OTP,0,1
063eb0ce-ccb5-4ce3-aeb5-7470b72fc7a4,4711c4b3,3213.61,29360c,ATM,Berlin,2025-01-10 05:00:26,Credit,POS Terminal,217.93.75.36,PIN,0,1
c4b6bd91-74c4-4f75-8222-e1e995b2c172,2d5cdbcf,3256.31,080af6,POS,Sydney,2025-01-02 08:36:30,Prepaid,Desktop,23.1.62.76,PIN,0,1
bd75d9d0-5530-4df9-bc18-efbbe7a3de66,1fbb19b1,1456.13,101d5e,ATM,London,2025-02-02 20:04:31,Prepaid,Desktop,157.229.80.30,PIN,0,0
88babc5c-6056-45a6-ac72-1843d0d696a4,ba75a203,785.83,b4c72e,ATM,Los Angeles,2025-01-28 03:44:04,Debit,Mobile,88.221.60.70,Biometric,0,1
3854577f-b2d6-4a80-926b-5a54c12e4bee,91892767,3124.12,98de84,ATM,Tokyo,2025-01-26 00:13:18,Credit,POS Terminal,86.161.240.164,OTP,0,1
fab7fc81-c7ba-452b-8eb5-c5c855fea028,c03f07ef,1479.63,593ec5,POS,London,2025-02-11 10:57:03,Prepaid,Desktop,75.186.240.40,PIN,0,0
f2f059ec-2a78-4cfe-a6dc-04579d622f07,39113d20,1338.88,f9a05b,POS,Sydney,2025-01-04 03:03:07,Credit,Mobile,181.241.128.166,PIN,0,1
bc7c3cb4-1e14-47cc-a686-30f4199919fa,5466fecd,4345.4,39b7c3,POS,Tokyo,2025-01-17 13:22:57,Credit,Desktop,117.150.237.8,PIN,1,1
c4b6bd91-74c4-4f75-8222-e1e995b2c172,2d5cdbcf,3256.31,080af6,POS,Sydney,2025-01-02 08:36:30,Prepaid,Desktop,23.1.62.76,PIN,0,1
bc6fe679-df30-4343-b93d-a89b8a7370a3,6cb278ec,3235.01,2f8f5c,Transfer,London,2025-02-22 00:06:48,Credit,Mobile,184.200.53.36,OTP,0,0
721a1932-4b33-4fb2-a2bb-1b4e67d814c3,b04c7b02,4302.02,ca3413,Transfer,Tokyo,2025-02-02 21:01:49,Prepaid,POS Terminal,40.233.241.225,PIN,0,0
c3fa17f6-36b1-4bca-9eaf-5ebda9fd3420,44ebb92f,4253.6,67913e,ATM,Berlin,2025-01-04 14:16:34,Credit,Mobile,35.45.199.189,OTP,0,1
26c41e6e-8576-498a-ae7f-255fadea6904,04b43783,3928.15,bdb0f6,Online,Los Angeles,2025-02-12 17:49:39,Prepaid,Desktop,193.32.228.212,Biometric,0,1
8c83dbea-7ebb-4b7c-896a-13d9770baf2e,8a9c8b5d,2641.08,a4baaf,ATM,Berlin,2025-02-23 11:53:34,Prepaid,Desktop,43.135.182.98,PIN,0,1
d5768895-c76b-4aea-bc21-8195d4b51f3c,cf9272a8,2901.97,4b473a,POS,Los Angeles,2025-02-20 12:00:09,Debit,Mobile,125.137.148.124,Biometric,0,0
6c65baf2-fb86-4ebe-b924-32d666a3c309,56eb072b,3181.14,d566f0,Transfer,New York,2025-01-07 01:05:30,Credit,POS Terminal,163.73.154.78,Biometric,0,0
0f66b5a3-66cd-4198-aaf8-9cfa2ecadbe5,9b408dae,3755.03,86588c,Online,Tokyo,2025-01-19 08:13:07,Credit,Desktop,101.168.66.171,OTP,0,0
f0eff9d5-8c93-47d6-a9b9-d32d0e32912c,99232504,3321.77,ed3798,POS,Sydney,2025-01-18 07:57:18,Prepaid,Mobile,95.111.216.23,OTP,1,1
347aeeee-9ef6-4076-a937-70ab93211d4f,fc3dbadc,2339.0,d96aec,ATM,Sydney,2025-02-25 07:51:38,Debit,Mobile,62.182.240.18,PIN,0,0
8fc56fe2-9baa-4a2e-a9e8-3c23bea04e98,ff56a946,1943.6,48979d,ATM,New York,2025-02-19 18:40:49,Prepaid,Desktop,26.249.0.121,OTP,0,0
c2d586c1-5385-4524-bf57-0db85ab3cb65,ef499c3a,414.25,2b2a50,Transfer,Tokyo,2025-01-25 01:58:20,Credit,Desktop,38.247.192.90,PIN,0,1
f9606e73-f9b0-4364-ad68-cffbdda90582,ce266671,3042.46,3a1e4c,ATM,London,2025-01-14 08:47:33,Credit,POS Terminal,47.197.23.240,OTP,0,0
51efab2b-e5b6-4ab6-8950-33ce5f0b4cb8,60888889,3186.19,9632d6,ATM,London,2025-02-18 18:22:45,Prepaid,Desktop,180.42.245.98,PIN,0,0
88ec3784-22fd-422f-ad72-9d8ecaed4ac4,b0229d9e,2736.38,9cebbc,POS,Tokyo,2025-01-29 02:03:39,Credit,Desktop,47.66.116.117,PIN,0,0
a679cb87-b14b-42b7-aa52-8ac5c695e49c,3222950c,3402.81,d86fda,Transfer,Los Angeles,2025-01-18 09:53:42,Prepaid,Desktop,9.25.220.79,OTP,0,0
26c41e6e-8576-498a-ae7f-255fadea6904,04b43783,3928.15,bdb0f6,Online,Los Angeles,2025-02-12 17:49:39,Prepaid,Desktop,193.32.228.212,Biometric,0,1
e6f42fa5-c927-48b9-b9cd-dbb135149476,64714075,2077.85,1ad2b2,ATM,London,2025-01-23 12:19:23,Credit,Mobile,188.166.197.252,OTP,1,0
47473748-2a65-4002-b0e5-f1a827e0fb2d,63bfcdd6,3008.28,c80312,POS,Sydney,2025-02-08 13:17:51,Debit,Desktop,165.140.171.43,PIN,0,0
223808d6-bc85-43ab-a375-71de4e2dfa03,a59142a0,4733.93,9bcae0,Online,Berlin,2025-01-04 21:43:09,Debit,Desktop,223.194.254.6,OTP,0,0
8f7c4765-4675-43cc-b8f6-49b5d7b48835,fb45c95f,307.62,b74ae6,Online,Berlin,2025-02-16 02:22:28,Credit,POS Terminal,87.108.235.75,PIN,0,0
32b3b639-4299-4954-8ad9-d875185cd8b3,5d778505,768.39,d3f423,POS,Berlin,2025-02-07 19:16:24,Credit,POS Terminal,189.36.34.171,OTP,0,1
55f41d96-f3f1-4d23-95d7-0dcbeb0298bb,40fa1432,1587.07,121bdb,POS,Berlin,2025-02-20 09:57:13,Prepaid,Mobile,49.255.163.134,OTP,1,0
8bb22dea-e14e-4c55-99d6-44df3f3a4d64,86ca5b74,3087.41,4b6b00,Transfer,Tokyo,2025-02-07 12:16:41,Prepaid,Mobile,108.213.193.227,OTP,0,1
d509b637-e93c-4160-a3ec-3515d3bcb721,8e4e92f5,2610.95,df4e74,Transfer,New York,2025-02-20 13:07:34,Debit,Desktop,114.15.190.159,PIN,0,0
89246c7a-16b8-4c3d-87b5-05ed4c340d31,59fb4886,3862.98,c75beb,Online,London,2025-01-09 03:30:01,Debit,POS Terminal,74.79.85.39,OTP,0,1
2642360e-ee63-4ca8-ba25-717486b77eb4,673f046a,2282.94,849942,POS,London,2025-02-28 14:28:57,Credit,Mobile,156.161.225.117,OTP,0,1
32142e23-027c-4937-be48-f7586b074540,56a846e5,3516.86,cce5c3,Online,Los Angeles,2025-02-01 14:03:48,Debit,Desktop,90.76.30.14,Biometric,0,0
1dfc00fe-6773-4d02-b070-a9c23586846a,29a23736,1621.44,9d9142,Online,New York,2025-01-22 22:01:01,Prepaid,Desktop,164.226.74.70,Biometric,0,0
10a82d36-f214-4372-ae6b-4b7208ff5e59,b4323d5f,3358.21,5ad96a,Transfer,London,2025-01-26 05:28:57,Credit,POS Terminal,107.141.217.45,OTP,1,1
4ff43c21-e469-4aa9-a791-a4926ff3278d,725e71ef,2192.12,d3d409,ATM,Los Angeles,2025-01-31 01:18:41,Debit,Mobile,186.48.8.75,Biometric,0,0
e5820161-0dfe-4a14-b8c0-eaa435e6dcda,c5ad1d77,4078.06,5a61f8,Online,Berlin,2025-01-06 14:44:47,Prepaid,Desktop,87.110.170.170,Biometric,0,1
05a9ba64-fa51-4a3d-bb2b-8b805aeb1773,629162ce,346.73,44a4b2,Transfer,Berlin,2025-01-18 04:28:03,Debit,POS Terminal,3.207.78.135,PIN,0,0
1ea6736e-2521-4f3a-9519-38f5bab296ce,c02348a8,3657.68,752180,ATM,Berlin,2025-01-09 11:07:23,Prepaid,Mobile,196.23.228.162,PIN,0,0
cdaea388-85e3-4825-a65e-2995e2e37e06,999d81d2,3426.78,1dce1b,Transfer,Sydney,2025-02-02 05:24:59,Credit,POS Terminal,66.105.158.61,Biometric,0,1
e5820161-0dfe-4a14-b8c0-eaa435e6dcda,c5ad1d77,4078.06,5a61f8,Online,Berlin,2025-01-06 14:44:47,Prepaid,Desktop,87.110.170.170,Biometric,0,1
dcb82387-802a-4050-85c5-6999baca6787,092bd1f6,739.29,ab0859,Online,Berlin,2025-02-16 18:46:44,Debit,POS Terminal,86.173.164.120,OTP,0,0
190ef46d-4330-4564-b43c-2b205271e9fa,360947ec,1329.96,f6f91f,ATM,London,2025-02-11 00:26:28,Credit,POS Terminal,54.122.158.19,OTP,0,1
eb995665-0fc6-4a52-8791-80300e52d95a,42904509,866.18,73cc25,POS,Berlin,2025-01-16 17:36:22,Credit,Mobile,206.51.104.9,Biometric,1,0
ff9ffb04-e4a6-4e34-9a63-2553b1d412e4,6f81fdd5,148.17,85ac9d,Transfer,Sydney,2025-01-22 13:52:18,Debit,Desktop,7.142.195.160,OTP,0,0
3a14ea9b-6502-4ee0-83bd-f52896be65cc,8f79b9e6,4260.93,2db29b,ATM,New York,2025-02-04 19:59:13,Credit,Mobile,221.33.7.109,Biometric,1,0
0d523432-ff6b-41e1-aff2-12bb84e903f8,6d8c6e8d,384.94,28bdf7,Transfer,New York,2025-02-22 02:09:42,Credit,POS Terminal,9.59.77.155,PIN,0,0
e6eba90c-7158-4c29-a3c9-f4ecc9f1c6a7,512b318f,1966.96,9e49c9,ATM,Los Angeles,2025-01-31 18:05:01,Credit,POS Terminal,36.157.254.119,OTP,0,0
3ce695ad-73d3-4a0e-904a-4c4d6efc5940,00aec49b,3334.27,455512,Transfer,New York,2025-02-12 05:52:50,Debit,Desktop,193.170.89.194,OTP,0,0
8069f892-43bd-4456-993c-0d21efbbaae2,be775b96,212.04,97dfff,POS,Los Angeles,2025-01-06 03:12:42,Credit,POS Terminal,131.164.166.162,OTP,1,0
124e8196-b86c-4c17-870a-8860a291515c,4284c872,4783.97,e64d5e,Transfer,New York,2025-02-10 13:11:40,Prepaid,Mobile,66.53.251.160,Biometric,0,1
256fbf88-fcdd-4ad6-85c9-193c3bf3dd8f,91b030cd,1925.44,5b9aba,ATM,Berlin,2025-01-04 11:08:03,Credit,Desktop,123.230.79.20,Biometric,0,0
ba4796dc-b757-4cd0-bf72-1ec718af2211,fb33d097,4766.54,4ecd2e,ATM,Tokyo,2025-01-01 01:09:17,Prepaid,Desktop,123.179.89.86,PIN,0,0
70c2b5b0-10db-41f2-ac41-d3762fca47fb,b6cd4c08,2528.68,a0fefa,Online,Los Angeles,2025-01-27 02:30:36,Debit,Desktop,108.207.37.234,Biometric,0,0
5bd1e81e-b594-46a6-bf50-d07e7d788428,ad98d1dd,1116.71,4f248d,Online,New York,2025-01-08 04:35:39,Credit,Mobile,60.23.246.157,OTP,0,0
23e11262-af78-4bb0-bb48-296f6b71ffa2,51fdff09,4164.57,aee8e7,Online,Tokyo,2025-02-11 05:26:23,Credit,Desktop,169.237.150.8,PIN,0,0
4a355ec4-aa03-43e8-adf8-25af57e6fd6f,7ef2b492,741.09,4b62a5,Online,Los Angeles,2025-02-03 03:00:01,Credit,POS Terminal,178.105.58.128,OTP,0,0
f5f04a00-dab1-4933-b017-7c9399087a9b,65e41d24,2225.23,d1198d,ATM,Los Angeles,2025-02-22 06:50:05,Debit,POS Terminal,208.114.104.137,OTP,0,0
7f4330e6-dcbb-4471-b6aa-6a67e10c1324,13c4f10c,141.52,8eff43,ATM,Tokyo,2025-02-03 02:47:38,Debit,POS Terminal,193.73.80.215,PIN,0,1
10a82d36-f214-4372-ae6b-4b7208ff5e59,b4323d5f,3358.21,5ad96a,Transfer,London,2025-01-26 05:28:57,Credit,POS Terminal,107.141.217.45,OTP,1,1
51ed280f-d25c-4e7c-a759-d8b25b0cc742,969ac599,1391.36,dbfdc1,ATM,London,2025-01-04 23:10:52,Prepaid,Desktop,185.98.31.131,Biometric,0,0
e5820161-0dfe-4a14-b8c0-eaa435e6dcda,c5ad1d77,4078.06,5a61f8,Online,Berlin,2025-01-06 14:44:47,Prepaid,Desktop,87.110.170.170,Biometric,0,1
218a0d9f-ec03-44bc-996e-2d607d6c75d4,cfbd7ed7,1259.78,ad02c8,Transfer,New York,2025-02-26 01:19:22,Prepaid,Desktop,152.54.79.144,PIN,0,0
0e7bda0b-4ea9-4644-bbe8-b46145b0fac6,9d417466,3161.09,4edba2,Online,Sydney,2025-01-23 13:30:20,Credit,Mobile,178.250.228.159,PIN,0,0
0e76f4a5-6dbd-443d-a513-1e163bec28e3,ca244f5c,3077.94,e1195f,Transfer,Sydney,2025-02-05 15:47:18,Prepaid,Desktop,177.117.111.198,PIN,0,0
a07e826d-54b8-4fe2-bc4b-a7abe7a99bf5,04a883ef,2639.74,d68bb0,ATM,New York,2025-01-17 20:36:40,Credit,POS Terminal,69.228.228.172,OTP,1,1
b5f6782b-1556-4352-acca-43833eeb9b0f,b6afff74,3365.83,902864,Transfer,London,2025-01-23 21:38:35,Credit,Desktop,81.85.154.147,Biometric,1,0
8c83dbea-7ebb-4b7c-896a-13d9770baf2e,8a9c8b5d,2641.08,a4baaf,ATM,Berlin,2025-02-23 11:53:34,Prepaid,Desktop,43.135.182.98,PIN,0,1
26cce48e-24ab-41d1-8500-84f8ad3fa7e9,4639f88e,2498.07,aac961,ATM,Sydney,2025-01-21 05:22:43,Prepaid,Desktop,136.184.121.165,PIN,0,0
bc7c3cb4-1e14-47cc-a686-30f4199919fa,5466fecd,4345.4,39b7c3,POS,Tokyo,2025-01-17 13:22:57,Credit,Desktop,117.150.237.8,PIN,1,1
00d7cbc6-ba34-4ab1-9b49-a59269693071,8805a3a6,4658.74,af15d2,ATM,Tokyo,2025-02-28 05:50:20,Prepaid,Mobile,25.103.21.221,OTP,0,0
063eb0ce-ccb5-4ce3-aeb5-7470b72fc7a4,4711c4b3,3213.61,29360c,ATM,Berlin,2025-01-10 05:00:26,Credit,POS Terminal,217.93.75.36,PIN,0,1
c2d586c1-5385-4524-bf57-0db85ab3cb65,ef499c3a,414.25,2b2a50,Transfer,Tokyo,2025-01-25 01:58:20,Credit,Desktop,38.247.192.90,PIN,0,1
8fdacf8c-90d5-47be-816d-1eb2193274f2,aa03173b,34.57,a58712,POS,New York,2025-02-13 00:09:10,Credit,POS Terminal,52.170.208.68,PIN,1,0
f0eff9d5-8c93-47d6-a9b9-d32d0e32912c,99232504,3321.77,ed3798,POS,Sydney,2025-01-18 07:57:18,Prepaid,Mobile,95.111.216.23,OTP,1,1
34a97539-3628-41d9-8394-5674885625a2,859b8a0d,970.66,e9087d,POS,Los Angeles,2025-02-07 23:06:07,Debit,Mobile,165.201.120.139,PIN,0,0
aa22f5ab-4784-4c0d-8105-b758ef489c5d,28378af2,2956.85,031ca7,Online,Los Angeles,2025-01-07 23:21:47,Credit,POS Terminal,196.115.57.118,OTP,1,0
095a8a40-2153-4406-b29c-5d1a450bbdd3,01062285,197.08,547db8,ATM,Berlin,2025-01-13 20:54:26,Credit,Desktop,81.141.194.156,Biometric,0,1
e080be88-c177-447f-8dce-d6bec6c996e8,0655dc34,1399.33,5e2777,ATM,Tokyo,2025-01-14 17:21:00,Credit,Desktop,75.202.148.151,PIN,0,0
d3cccbea-143c-4487-bd8f-47ecfacbe071,1d3f7150,2765.44,23c0f6,ATM,Los Angeles,2025-02-02 00:13:21,Prepaid,Desktop,8.50.107.122,PIN,0,0
e4d17f1e-26d7-45b5-9e4e-3548999a9edd,495b25ac,2652.02,26404d,ATM,Los Angeles,2025-02-13 04:06:27,Prepaid,Mobile,134.74.104.152,PIN,0,0
0b187c04-d617-4af5-add1-7c05ae0d7d26,86221730,2096.1,dbecc2,Transfer,Tokyo,2025-02-25 02:02:59,Debit,Mobile,125.67.207.227,PIN,0,0
2642360e-ee63-4ca8-ba25-717486b77eb4,673f046a,2282.94,849942,POS,London,2025-02-28 14:28:57,Credit,Mobile,156.161.225.117,OTP,0,1
25d73223-a634-4b4f-8b08-e1eec2409339,6760738f,4997.76,7ed42e,POS,Berlin,2025-02-05 02:29:04,Prepaid,Desktop,83.139.56.34,Biometric,1,1
b0276e01-2594-4508-bb5f-46c59418e056,aca134c8,3840.93,9838e2,POS,Los Angeles,2025-01-06 08:09:06,Debit,POS Terminal,23.130.68.211,PIN,0,1
33d286b2-867e-47e5-bbba-9824ac6fcd43,fb34af55,4830.44,367599,ATM,Los Angeles,2025-01-08 17:26:22,Credit,POS Terminal,221.219.136.82,Biometric,0,0
4e658581-4389-4ef4-853e-4f6c84ebe513,c9e2611f,3484.91,a9ce35,ATM,Sydney,2025-02-01 20:36:07,Credit,POS Terminal,3.184.19.35,PIN,0,0
73cd7e9a-0cf5-4105-80ae-52e18902ad08,5cce216c,3264.81,fe5a5c,Transfer,Sydney,2025-02-02 23:34:04,Prepaid,POS Terminal,201.185.117.100,Biometric,1,1
2642360e-ee63-4ca8-ba25-717486b77eb4,673f046a,2282.94,849942,POS,London,2025-02-28 14:28:57,Credit,Mobile,156.161.225.117,OTP,0,1
bfef1d35-df7f-436e-bb47-3187d54a66bd,f4abdb97,4980.74,392b5d,ATM,Tokyo,2025-02-17 10:30:56,Debit,Mobile,66.105.74.26,PIN,1,0
c04d0d48-ecce-4115-9684-099260e7624b,ec673c0c,1473.86,56f917,Transfer,Berlin,2025-02-05 04:28:07,Debit,Desktop,5.135.56.190,Biometric,0,0
6b9bcbc0-4fc0-420f-be0b-76cdd9d42bec,1b356d6f,1852.35,7ef0ad,POS,Los Angeles,2025-02-06 07:44:18,Prepaid,Desktop,166.190.164.14,OTP,0,0
b33f3f73-988f-4d7b-8218-51cb8c4e029a,86b8ef5a,3387.49,5f1e58,POS,Berlin,2025-01-23 13:03:15,Credit,Mobile,135.202.92.21,OTP,0,0
aa3d6960-b9ef-4ab9-b1d6-0a0c65daeca2,64bf7eda,4217.4,e7a209,ATM,London,2025-02-03 18:27:57,Credit,Mobile,111.161.206.92,Biometric,0,0
e30a7b8c-309b-482b-8061-ec05c9a0a41e,1192daf2,1439.25,acf85e,Transfer,Tokyo,2025-02-21 13:36:00,Debit,Mobile,36.236.45.250,Biometric,1,0
69edad76-76e8-46c2-9544-bd03c55745fe,a864cd62,505.04,f8f4fb,ATM,Berlin,2025-02-07 14:13:50,Prepaid,Desktop,194.200.210.95,PIN,0,0
10a82d36-f214-4372-ae6b-4b7208ff5e59,b4323d5f,3358.21,5ad96a,Transfer,London,2025-01-26 05:28:57,Credit,POS Terminal,107.141.217.45,OTP,1,1
5a6de81b-9b6e-4925-9a61-71f8b2a8ca67,3dcca997,4143.44,6da77d,ATM,Sydney,2025-02-16 05:00:34,Debit,Mobile,159.74.254.48,OTP,0,0
f914c18b-2b16-43ff-9d4c-f6ea64a2a6b9,f74c61af,3242.54,57f831,ATM,Berlin,2025-01-22 20:18:01,Credit,Mobile,212.236.123.135,PIN,0,0
b0276e01-2594-4508-bb5f-46c59418e056,aca134c8,3840.93,9838e2,POS,Los Angeles,2025-01-06 08:09:06,Debit,POS Terminal,23.130.68.211,PIN,0,1
e6e79290-7912-4efb-9996-6f0585df0e2a,377689ce,4257.69,96d9c9,ATM,Los Angeles,2025-01-30 10:31:32,Credit,Desktop,22.50.156.251,Biometric,0,0
ee94bce9-7ce9-42a2-b684-08aa077d0b2c,b1126c02,727.8,155dc8,ATM,Sydney,2025-02-12 09:16:24,Debit,Mobile,8.53.126.236,PIN,0,0
81300c9f-8373-436a-a47c-3027cf568031,f7fd6780,868.78,83e8da,Online,London,2025-02-02 11:14:03,Credit,Desktop,193.180.190.219,PIN,0,0
42d139e9-0e29-442e-aa2c-8da87a5429b9,52307eb4,3534.78,60aa20,Transfer,London,2025-02-28 00:11:18,Prepaid,Desktop,171.171.230.236,OTP,0,0
ef01bafd-eb2f-42f2-8127-45795df3fe28,61dcb316,635.9,96b1f4,ATM,Tokyo,2025-02-13 18:21:37,Credit,Desktop,132.226.58.252,OTP,0,0
3854577f-b2d6-4a80-926b-5a54c12e4bee,91892767,3124.12,98de84,ATM,Tokyo,2025-01-26 00:13:18,Credit,POS Terminal,86.161.240.164,OTP,0,1
ebb9379d-bc14-439a-bc71-c0651df5ed52,6f92f17a,2472.75,fe1717,ATM,Sydney,2025-01-26 22:38:26,Credit,Mobile,188.25.170.105,Biometric,0,0
8a3356f7-78e4-4035-874a-33ed5455c874,bdd875c8,1968.88,aa96d2,ATM,London,2025-01-25 20:49:07,Prepaid,POS Terminal,62.47.24.44,Biometric,1,0
a25ca84a-14ae-42ef-9a48-4bef869f61ed,8e768d1d,2200.23,2581ca,Transfer,Los Angeles,2025-02-26 00:21:18,Prepaid,Mobile,83.157.174.161,Biometric,0,0
cecb0183-a76b-4545-bdf7-336480c2ddeb,768d2ba8,2749.92,562e36,POS,Tokyo,2025-02-19 03:46:57,Prepaid,Mobile,63.32.180.194,Biometric,0,0
cb8e46d5-8f67-47d5-b7d7-8fb029bb2cbe,d5a3f5df,1283.42,d96e23,POS,New York,2025-02-17 17:17:44,Credit,Mobile,148.250.187.57,PIN,0,1
a67f49fb-1f4c-4e85-baaa-26312e3d02bb,b1a7cf4f,1476.05,a6f125,POS,Tokyo,2025-01-22 10:32:36,Credit,POS Terminal,150.222.169.174,OTP,0,0
c81513ad-ee63-476d-ab6c-0321fdb088cb,b25a45b9,1423.54,188aeb,Online,Los Angeles,2025-02-06 20:40:57,Credit,Desktop,142.72.218.77,PIN,0,1
c3fa17f6-36b1-4bca-9eaf-5ebda9fd3420,44ebb92f,4253.6,67913e,ATM,Berlin,2025-01-04 14:16:34,Credit,Mobile,35.45.199.189,OTP,0,1
0fc86078-7009-442f-81eb-2ba9d1f5a086,db959c98,1438.19,dddeeb,ATM,London,2025-02-01 12:06:07,Credit,Mobile,12.112.193.193,Biometric,0,0
cde7a5e2-4849-4653-b3cd-e538c0163684,6d3710fe,44.88,2a3ed5,Online,Sydney,2025-01-04 18:03:10,Prepaid,POS Terminal,50.132.178.68,PIN,1,0
095a8a40-2153-4406-b29c-5d1a450bbdd3,01062285,197.08,547db8,ATM,Berlin,2025-01-13 20:54:26,Credit,Desktop,81.141.194.156,Biometric,0,1
5f1c72ea-9368-4b63-b79a-49f0269bd489,3735cc55,3654.29,d81012,ATM,Berlin,2025-01-02 10:35:50,Debit,Desktop,187.52.229.238,Biometric,0,0
e037ecb8-b2ce-423b-97d3-c770c6a4c0d3,897482c8,1407.11,2c5300,Transfer,London,2025-01-13 21:19:44,Prepaid,Mobile,26.92.108.93,Biometric,0,1
3e76ecd1-f268-419b-92a9-a0dd5f45bdec,d30046e8,1913.88,b3b851,ATM,London,2025-02-25 01:35:26,Debit,Mobile,137.71.110.146,PIN,0,0
a1599913-c43c-4889-bca8-37d5d58a04fc,9d1d04e6,2593.69,6a42fe,Online,Berlin,2025-01-10 12:17:46,Prepaid,Desktop,58.11.65.247,OTP,0,1
f485019f-3b93-44d5-91ed-24b4cb35114a,0e52d9fe,4340.63,39531b,ATM,London,2025-01-15 18:35:59,Prepaid,Desktop,136.151.84.177,Biometric,0,0
62722b98-638f-4969-b1c9-9f068a4e5632,0ba42f0f,3776.5,ba745f,Transfer,Tokyo,2025-01-28 20:27:41,Debit,POS Terminal,154.146.78.59,PIN,0,0
093035d3-5d56-4e72-bffc-8a492f49496c,27fbce81,3317.73,4ba332,Transfer,Tokyo,2025-01-01 20:53:07,Debit,POS Terminal,207.134.35.31,OTP,0,0
48ade38e-5bfd-4429-9101-a9f066e9011f,f9904a1c,2841.42,17a51a,Transfer,Tokyo,2025-02-09 06:34:14,Debit,Mobile,68.102.94.237,OTP,0,0
9e108aa2-a15e-4fbc-a8de-4ab5fd271ec1,96d38966,2271.58,49049c,Transfer,Tokyo,2025-01-27 17:13:11,Credit,Mobile,79.78.221.47,OTP,0,0
1d60ae88-3414-4ade-b8b6-e37314eec9c9,c49e189a,1975.25,96251a,Transfer,Berlin,2025-01-12 03:18:50,Debit,Desktop,97.177.65.146,PIN,0,0
9023d265-e5e3-4c72-8bee-ffa6cf60d1d4,530c3eb0,1349.54,37789f,Transfer,Tokyo,2025-01-28 23:38:13,Credit,Desktop,123.60.179.26,OTP,0,0
9773b31c-7cf8-4041-923d-d39c7b354f19,211f0ad6,2813.42,23f52f,POS,Sydney,2025-01-20 00:16:12,Debit,POS Terminal,44.93.240.154,OTP,0,0
8c83dbea-7ebb-4b7c-896a-13d9770baf2e,8a9c8b5d,2641.08,a4baaf,ATM,Berlin,2025-02-23 11:53:34,Prepaid,Desktop,43.135.182.98,PIN,0,1
f15dcd99-550e-4db1-ab11-d46971c55225,8d1401e2,859.03,a7e3b8,ATM,Berlin,2025-02-26 09:46:50,Prepaid,Desktop,30.171.132.71,Biometric,0,0
f2151ec1-6689-47cf-81e9-21c108e7ca51,f1228ce0,3746.83,964393,ATM,New York,2025-01-23 17:00:37,Prepaid,Desktop,121.230.138.136,OTP,0,0
612b8d68-e3b1-48ad-914a-f02095ead20b,eddced78,3937.85,8aa618,Online,New York,2025-01-30 21:23:46,Prepaid,Mobile,151.66.124.5,Biometric,0,0
d1bc294b-85a4-4420-868c-9ffff1826d53,12dcdb99,1245.57,48d0a1,Transfer,Los Angeles,2025-02-20 16:04:46,Prepaid,POS Terminal,76.141.18.105,Biometric,0,0
1189450a-fe01-4407-8822-eaf36c8de860,b55e0fc4,3113.7,610ef8,POS,Sydney,2025-01-17 12:53:32,Credit,Desktop,42.66.1.252,OTP,1,0
d1e56fc1-986c-4474-bc1a-7150274e82b3,ec74c80b,1559.53,2783c5,ATM,Sydney,2025-01-09 16:00:53,Prepaid,POS Terminal,65.167.237.169,OTP,0,0
21d9bc35-cfdc-417f-8dc6-5b5eb12ae66f,7f3fc2a0,2440.59,c4b518,Transfer,Tokyo,2025-01-28 23:10:58,Credit,POS Terminal,69.111.169.243,OTP,0,0
f2f059ec-2a78-4cfe-a6dc-04579d622f07,39113d20,1338.88,f9a05b,POS,Sydney,2025-01-04 03:03:07,Credit,Mobile,181.241.128.166,PIN,0,1
cb8e46d5-8f67-47d5-b7d7-8fb029bb2cbe,d5a3f5df,1283.42,d96e23,POS,New York,2025-02-17 17:17:44,Credit,Mobile,148.250.187.57,PIN,0,1
5aa9b7af-4035-4e4c-8b33-e148e5ce9506,8891b3b8,3762.68,7e2cfa,POS,Tokyo,2025-01-30 07:11:51,Prepaid,POS Terminal,191.20.31.77,PIN,0,1
b78e8e73-d570-4211-847d-d6e976a6544a,3db0e0d7,4605.17,705b33,Online,Berlin,2025-01-17 23:55:22,Prepaid,Desktop,6.41.160.182,OTP,0,0
5a7ff7d6-2182-492c-b6ad-60733d26ef02,9cedcc54,2563.86,a59455,Transfer,Los Angeles,2025-01-17 11:39:05,Credit,Mobile,58.74.156.189,PIN,0,0
b2bfd610-47d6-4ccb-9f11-5f19e2cd26ee,8993eca5,450.37,cdd4a3,Transfer,Sydney,2025-02-16 14:01:12,Prepaid,POS Terminal,45.55.38.8,PIN,1,0
095a8a40-2153-4406-b29c-5d1a450bbdd3,01062285,197.08,547db8,ATM,Berlin,2025-01-13 20:54:26,Credit,Desktop,81.141.194.156,Biometric,0,1
8c83dbea-7ebb-4b7c-896a-13d9770baf2e,8a9c8b5d,2641.08,a4baaf,ATM,Berlin,2025-02-23 11:53:34,Prepaid,Desktop,43.135.182.98,PIN,0,1
db80bb3c-a549-4b86-be78-130804c05757,2c363333,1712.48,1ed046,ATM,Berlin,2025-02-16 22:10:43,Debit,Mobile,223.75.108.40,OTP,0,0
8bb22dea-e14e-4c55-99d6-44df3f3a4d64,86ca5b74,3087.41,4b6b00,Transfer,Tokyo,2025-02-07 12:16:41,Prepaid,Mobile,108.213.193.227,OTP,0,1
54b4045a-aa30-4bb8-b479-48efc4618c28,da2fc658,1341.77,f10c4b,ATM,New York,2025-01-14 20:46:10,Credit,Mobile,164.115.136.65,PIN,0,0
c2d586c1-5385-4524-bf57-0db85ab3cb65,ef499c3a,414.25,2b2a50,Transfer,Tokyo,2025-01-25 01:58:20,Credit,Desktop,38.247.192.90,PIN,0,1
d7361777-b25d-4abe-a45a-28d4149948ba,0c67082e,2011.11,bf11e0,POS,Los Angeles,2025-01-20 11:26:16,Debit,POS Terminal,48.5.142.77,OTP,0,0
d2ae975a-188f-41ba-80db-7371cf855f92,bbb4511b,3870.09,f3eabb,Transfer,London,2025-02-12 08:16:14,Debit,POS Terminal,137.43.226.168,Biometric,0,0
8ee67897-9493-4bbd-94e9-77f15b5c40fc,43a1e154,794.04,7eee94,Transfer,Sydney,2025-01-26 05:03:49,Debit,Mobile,196.154.221.97,PIN,0,0
89246c7a-16b8-4c3d-87b5-05ed4c340d31,59fb4886,3862.98,c75beb,Online,London,2025-01-09 03:30:01,Debit,POS Terminal,74.79.85.39,OTP,0,1
c3fa17f6-36b1-4bca-9eaf-5ebda9fd3420,44ebb92f,4253.6,67913e,ATM,Berlin,2025-01-04 14:16:34,Credit,Mobile,35.45.199.189,OTP,0,1
462938c3-74c8-46ec-a974-44e00886ee62,fcb29e3c,2309.98,da02fb,POS,London,2025-02-27 07:08:01,Debit,Desktop,72.15.177.87,OTP,1,1
9238e931-1034-42c8-92db-8486df629eaa,b99c7ac8,3220.12,300f59,POS,Sydney,2025-02-23 17:43:41,Prepaid,POS Terminal,166.212.116.109,OTP,1,0
27a34837-3ec8-446b-9c97-8e7f059e829e,5513efc2,940.91,0da12d,Online,Sydney,2025-02-04 02:24:11,Credit,Mobile,80.20.94.64,Biometric,0,0
ac147a7b-94c9-4311-9ae0-9d4120429548,939cf41f,131.1,9c387d,ATM,Berlin,2025-02-16 11:43:29,Debit,POS Terminal,165.233.68.106,Biometric,0,0
b8496e82-66a7-4752-bb65-c9175382db54,7717eb47,3596.96,428427,ATM,Sydney,2025-01-10 19:41:23,Credit,POS Terminal,122.106.170.44,PIN,0,0
e9876e85-3d8b-4d50-93a4-edbbffba4f1a,c19b8451,2486.69,cda429,Online,Sydney,2025-01-14 21:05:30,Debit,Desktop,192.227.168.117,OTP,0,0
da744e2c-af2e-4335-ac25-39d7deed0121,502d3ea7,1740.51,918f15,POS,Los Angeles,2025-02-21 18:03:36,Debit,Mobile,30.18.140.16,Biometric,0,0
f632dc79-10f1-4ef4-95b8-be53a8d7baa7,83c39b69,2579.55,1c0e30,POS,London,2025-01-22 04:36:25,Debit,POS Terminal,37.245.30.82,PIN,0,0
cdaea388-85e3-4825-a65e-2995e2e37e06,999d81d2,3426.78,1dce1b,Transfer,Sydney,2025-02-02 05:24:59,Credit,POS Terminal,66.105.158.61,Biometric,0,1
6ae793cf-8550-43b9-9a77-322381da3b39,746789bd,1698.2,1d0d46,POS,Los Angeles,2025-01-23 16:34:57,Debit,Desktop,57.190.160.224,Biometric,0,0
a01d9f51-074f-41e6-a162-49553e221d44,6af7d87d,190.82,52fedf,Transfer,New York,2025-01-21 13:01:31,Debit,Desktop,144.3.188.241,Biometric,0,0
bc7c3cb4-1e14-47cc-a686-30f4199919fa,5466fecd,4345.4,39b7c3,POS,Tokyo,2025-01-17 13:22:57,Credit,Desktop,117.150.237.8,PIN,1,1
89246c7a-16b8-4c3d-87b5-05ed4c340d31,59fb4886,3862.98,c75beb,Online,London,2025-01-09 03:30:01,Debit,POS Terminal,74.79.85.39,OTP,0,1
c3fa17f6-36b1-4bca-9eaf-5ebda9fd3420,44ebb92f,4253.6,67913e,ATM,Berlin,2025-01-04 14:16:34,Credit,Mobile,35.45.199.189,OTP,0,1
bc7c3cb4-1e14-47cc-a686-30f4199919fa,5466fecd,4345.4,39b7c3,POS,Tokyo,2025-01-17 13:22:57,Credit,Desktop,117.150.237.8,PIN,1,1
3d87be3d-afe0-403a-9b46-9e50d2ed7bed,afe13584,1527.2,da1f62,POS,Berlin,2025-01-15 09:38:52,Prepaid,Mobile,32.252.233.209,OTP,0,0
e472407e-e186-464b-8d6e-46d0d86e3c85,85bc7f52,640.52,06e9eb,ATM,London,2025-01-06 01:19:38,Prepaid,Mobile,194.176.175.185,Biometric,0,0
8c83dbea-7ebb-4b7c-896a-13d9770baf2e,8a9c8b5d,2641.08,a4baaf,ATM,Berlin,2025-02-23 11:53:34,Prepaid,Desktop,43.135.182.98,PIN,0,1
3854577f-b2d6-4a80-926b-5a54c12e4bee,91892767,3124.12,98de84,ATM,Tokyo,2025-01-26 00:13:18,Credit,POS Terminal,86.161.240.164,OTP,0,1
240da886-b60c-42e3-8f1c-b0dcf7ed8b50,2909ba74,1966.38,11ea3d,ATM,Los Angeles,2025-02-03 19:01:29,Credit,Desktop,51.29.187.159,Biometric,0,0
cdaea388-85e3-4825-a65e-2995e2e37e06,999d81d2,3426.78,1dce1b,Transfer,Sydney,2025-02-02 05:24:59,Credit,POS Terminal,66.105.158.61,Biometric,0,1
b4008d5f-eb25-4098-b3f2-c6b3dfb5e2c3,3fd31845,2954.38,7ce398,Online,London,2025-01-16 14:34:49,Debit,POS Terminal,188.80.186.188,Biometric,0,0
e96b59fd-5548-4d23-9f0b-8a1f2e10f9b6,722216e1,1674.17,6e265e,ATM,London,2025-02-13 03:28:54,Credit,POS Terminal,146.141.21.165,PIN,1,0
71c1a145-ddf3-42d5-9b32-1819462204f6,789b1d80,31.19,3a0ff2,ATM,Sydney,2025-02-20 19:44:13,Debit,POS Terminal,135.11.22.125,OTP,0,0
bc7c3cb4-1e14-47cc-a686-30f4199919fa,5466fecd,4345.4,39b7c3,POS,Tokyo,2025-01-17 13:22:57,Credit,Desktop,117.150.237.8,PIN,1,1
115408ae-e19e-4483-ab71-496ad2fa7210,ad092c5c,2552.31,6922e1,Online,Tokyo,2025-02-25 18:43:28,Debit,Mobile,36.8.213.36,Biometric,0,0
31c4b76c-314e-49ce-9388-5aa6440a6b79,e1b776ca,3195.12,6b1ee8,ATM,Los Angeles,2025-02-15 16:39:11,Prepaid,POS Terminal,3.4.100.12,Biometric,0,0
36c0e221-02b5-4f03-826d-2905a482a9d3,653fbb47,4499.53,fb0f1c,POS,Sydney,2025-02-01 23:04:17,Credit,Mobile,33.91.220.226,OTP,1,0
73d472cd-3c24-4092-aa00-182cda0b0dfc,962cad00,2787.75,7bca6e,POS,Berlin,2025-01-29 01:20:33,Credit,Desktop,4.35.57.132,PIN,0,1
32b3b639-4299-4954-8ad9-d875185cd8b3,5d778505,768.39,d3f423,POS,Berlin,2025-02-07 19:16:24,Credit,POS Terminal,189.36.34.171,OTP,0,1
e037ecb8-b2ce-423b-97d3-c770c6a4c0d3,897482c8,1407.11,2c5300,Transfer,London,2025-01-13 21:19:44,Prepaid,Mobile,26.92.108.93,Biometric,0,1
89989f8e-358e-469f-96a6-53957c0ad8cf,dc8a677a,1879.39,dcc29e,POS,New York,2025-02-06 18:15:46,Credit,Mobile,129.132.11.196,Biometric,0,0
7bf3164e-b35b-4155-8240-a5c3846c3495,54d06462,2261.39,22566a,POS,Los Angeles,2025-02-12 18:54:13,Credit,Mobile,209.126.49.132,OTP,0,0
6a028b0d-51bf-452f-bcab-8cc35db585bf,80bca8cf,1136.36,7ae7da,ATM,Sydney,2025-02-14 13:40:18,Debit,POS Terminal,197.241.5.144,Biometric,0,0
832c0b32-6fb5-4627-82d9-56c4d29800e5,0a080ef4,3219.75,47526e,Online,Berlin,2025-01-30 15:43:36,Credit,Mobile,130.47.253.14,PIN,1,0
f362e50f-7db2-46f1-b4d5-be4f8827b94b,d020af9c,2484.57,40264a,POS,Tokyo,2025-01-12 22:14:22,Debit,POS Terminal,182.20.82.18,PIN,0,0
03206cb8-339c-40f1-acbc-144a48dce6f1,a2fc88ee,992.01,bb6d11,ATM,Sydney,2025-01-02 09:35:10,Debit,Mobile,189.42.255.20,Biometric,0,0
095a8a40-2153-4406-b29c-5d1a450bbdd3,01062285,197.08,547db8,ATM,Berlin,2025-01-13 20:54:26,Credit,Desktop,81.141.194.156,Biometric,0,1
b8ee2f71-b79a-46cc-9cf9-989a1392001d,59dea848,451.53,dd01f2,Online,London,2025-01-12 05:17:23,Prepaid,Desktop,50.246.139.26,PIN,0,0
13b5eb61-6522-4555-83ea-fcb48879fe92,523321c2,3103.52,73dca5,ATM,New York,2025-02-24 23:51:07,Prepaid,POS Terminal,52.0.78.110,Biometric,0,0
b0276e01-2594-4508-bb5f-46c59418e056,aca134c8,3840.93,9838e2,POS,Los Angeles,2025-01-06 08:09:06,Debit,POS Terminal,23.130.68.211,PIN,0,1
d01d2e37-392c-430f-8313-808129e9be98,422a3836,4955.74,e53ab0,POS,Tokyo,2025-01-15 23:29:00,Debit,Desktop,39.52.99.85,OTP,0,0
d87653a9-8044-497b-9be9-07a4fedc540e,50c562e8,1379.36,644eac,POS,New York,2025-01-22 03:05:01,Prepaid,POS Terminal,183.151.165.243,Biometric,0,0
315e508a-9fc8-46d6-9b08-33166e65fb75,5389888e,2372.88,037b7f,Transfer,Berlin,2025-02-20 20:42:59,Credit,Desktop,31.238.239.170,OTP,0,0
74e7dddb-1f2f-4c9c-a769-a5babaa76c3c,2db388dd,3960.27,4acceb,Transfer,Berlin,2025-02-03 20:50:50,Prepaid,Desktop,122.6.230.109,PIN,0,0
fec7b021-5f10-4544-9ff0-667bae00aa48,7455ce88,1911.56,f4072a,POS,Berlin,2025-02-26 14:59:49,Credit,Mobile,202.93.140.245,PIN,0,0
24437e61-711c-4d98-9f7d-1ba89e881e3b,d1ab5933,4757.49,f006ca,ATM,Los Angeles,2025-02-25 21:48:57,Prepaid,POS Terminal,65.56.150.0,Biometric,0,1
901e7206-e62d-4b54-898b-d9dd24c53b44,29f29d75,3963.15,376135,Online,Berlin,2025-01-04 08:21:26,Credit,Desktop,78.55.230.204,PIN,0,0
